date,home,away,g1_home,g1_away,g2_home,g2_away,g1_total,g2_total
2008-04-10,TEX,BAL,3.0,1.0,5.0,4.0,4.0,9.0
2008-04-24,KC,CLE,6.0,9.0,0.0,2.0,15.0,2.0
2008-04-26,CWS,BAL,1.0,5.0,6.0,5.0,6.0,11.0
2008-05-10,NYM,CIN,12.0,6.0,1.0,7.0,18.0,8.0
2008-05-12,CLE,TOR,3.0,0.0,0.0,3.0,3.0,3.0
2008-05-12,PIT,ATL,5.0,0.0,1.0,8.0,5.0,9.0
2008-05-17,BOS,MIL,5.0,3.0,7.0,6.0,8.0,13.0
2008-05-20,ATL,NYM,6.0,1.0,6.0,2.0,7.0,8.0
2008-05-25,MIA,SF,8.0,6.0,5.0,4.0,14.0,9.0
2008-06-05,WSH,STL,1.0,4.0,10.0,9.0,5.0,19.0
2008-06-15,NYM,TEX,7.0,8.0,4.0,2.0,15.0,6.0
2008-07-24,BAL,TOR,1.0,5.0,1.0,7.0,6.0,8.0
2008-08-07,COL,WSH,3.0,6.0,3.0,6.0,9.0,9.0
2008-08-13,ATL,CHC,2.0,10.0,0.0,8.0,12.0,8.0
2008-09-04,KC,ATH,5.0,4.0,9.0,6.0,9.0,15.0
2008-09-07,NYM,PHI,2.0,6.0,6.0,3.0,8.0,9.0
2008-09-09,CWS,TOR,1.0,3.0,2.0,8.0,4.0,10.0
2008-09-13,BAL,MIN,2.0,12.0,6.0,12.0,14.0,18.0
2008-09-13,BOS,TOR,1.0,8.0,7.0,5.0,9.0,12.0
2008-09-13,CLE,KC,3.0,8.0,4.0,8.0,11.0,12.0
2008-09-13,NYM,ATL,2.0,3.0,5.0,0.0,5.0,5.0
2008-09-13,NYY,TB,1.0,7.0,6.0,5.0,8.0,11.0
2008-09-14,CWS,DET,4.0,2.0,11.0,7.0,6.0,18.0
2008-09-14,PHI,MIL,7.0,3.0,6.0,1.0,10.0,7.0
2008-09-23,BAL,TB,2.0,5.0,5.0,7.0,7.0,12.0
2008-09-28,BOS,NYY,2.0,6.0,4.0,3.0,8.0,7.0
2009-04-22,BOS,MIN,10.0,1.0,7.0,3.0,11.0,10.0
2009-04-28,CWS,SEA,2.0,1.0,1.0,9.0,3.0,10.0
2009-05-16,WSH,PHI,5.0,8.0,5.0,7.0,13.0,12.0
2009-05-20,MIA,AZ,8.0,6.0,9.0,11.0,14.0,20.0
2009-05-29,TEX,ATH,6.0,3.0,5.0,2.0,9.0,7.0
2009-06-04,WSH,SF,1.0,5.0,1.0,4.0,6.0,5.0
2009-06-08,CWS,DET,4.0,5.0,6.0,1.0,9.0,7.0
2009-07-12,CHC,STL,7.0,3.0,2.0,4.0,10.0,6.0
2009-07-21,KC,LAA,5.0,8.0,2.0,10.0,13.0,12.0
2009-07-24,DET,CWS,5.0,1.0,4.0,3.0,6.0,7.0
2009-07-30,NYM,COL,7.0,0.0,2.0,4.0,7.0,6.0
2009-08-16,MIA,COL,10.0,3.0,3.0,7.0,13.0,10.0
2009-08-31,CIN,PIT,4.0,3.0,6.0,3.0,7.0,9.0
2009-09-01,TEX,TOR,5.0,2.0,5.0,2.0,7.0,7.0
2009-09-07,NYY,TB,4.0,1.0,11.0,1.0,5.0,12.0
2009-09-08,CLE,TEX,9.0,11.0,5.0,10.0,20.0,15.0
2009-09-13,BOS,TB,3.0,1.0,4.0,0.0,4.0,4.0
2009-09-13,PHI,NYM,5.0,4.0,1.0,0.0,9.0,1.0
2009-09-13,TEX,SEA,7.0,2.0,0.0,5.0,9.0,5.0
2009-09-22,MIA,PHI,3.0,9.0,3.0,0.0,12.0,3.0
2009-09-29,DET,MIN,2.0,3.0,6.0,5.0,5.0,11.0
2009-09-30,CHC,PIT,0.0,4.0,2.0,8.0,4.0,10.0
2009-09-30,CLE,CWS,5.0,1.0,0.0,1.0,6.0,1.0
2010-04-17,BOS,TB,1.0,3.0,5.0,6.0,4.0,11.0
2010-04-24,COL,MIA,1.0,4.0,8.0,1.0,5.0,9.0
2010-04-27,NYM,LAD,4.0,0.0,10.0,5.0,4.0,15.0
2010-05-08,MIN,BAL,3.0,7.0,6.0,1.0,10.0,7.0
2010-05-12,DET,NYY,2.0,0.0,0.0,8.0,2.0,8.0
2010-05-15,COL,WSH,6.0,2.0,4.0,3.0,8.0,7.0
2010-05-26,MIN,NYY,0.0,1.0,2.0,3.0,1.0,5.0
2010-06-10,NYM,SD,2.0,4.0,3.0,0.0,6.0,3.0
2010-07-17,CLE,DET,4.0,3.0,2.0,1.0,7.0,3.0
2010-07-25,DET,TOR,3.0,5.0,6.0,5.0,8.0,11.0
2010-08-03,DET,CWS,2.0,12.0,7.0,1.0,14.0,8.0
2010-08-21,KC,CWS,6.0,5.0,6.0,7.0,11.0,13.0
2010-08-25,BOS,SEA,5.0,3.0,2.0,4.0,8.0,6.0
2010-09-04,BOS,CWS,1.0,3.0,1.0,3.0,4.0,4.0
2010-09-06,PHI,MIA,1.0,7.0,7.0,4.0,8.0,11.0
2010-09-29,CLE,DET,4.0,0.0,4.0,3.0,4.0,7.0
2010-09-29,NYM,MIL,7.0,8.0,1.0,3.0,15.0,4.0
2010-10-01,BAL,DET,10.0,6.0,2.0,1.0,16.0,3.0
2010-10-02,BOS,NYY,5.0,6.0,7.0,6.0,11.0,13.0
2011-04-09,BAL,TEX,5.0,0.0,1.0,13.0,5.0,14.0
2011-04-09,SD,LAD,2.0,4.0,0.0,4.0,6.0,4.0
2011-04-14,NYM,COL,5.0,6.0,4.0,9.0,11.0,13.0
2011-04-16,ATL,NYM,4.0,2.0,4.0,0.0,6.0,4.0
2011-04-17,WSH,MIL,8.0,4.0,5.0,1.0,12.0,6.0
2011-04-20,CHC,SD,2.0,1.0,4.0,5.0,3.0,9.0
2011-04-20,STL,WSH,6.0,8.0,5.0,3.0,14.0,8.0
2011-04-28,MIN,TB,3.0,15.0,1.0,6.0,18.0,7.0
2011-05-04,ATL,MIL,8.0,3.0,8.0,0.0,11.0,8.0
2011-05-24,COL,AZ,12.0,4.0,2.0,5.0,16.0,7.0
2011-05-29,DET,BOS,3.0,4.0,3.0,0.0,7.0,3.0
2011-06-15,PHI,MIA,8.0,1.0,5.0,4.0,9.0,9.0
2011-06-22,CIN,NYY,2.0,4.0,10.0,2.0,6.0,12.0
2011-06-28,CHC,SF,7.0,13.0,3.0,6.0,20.0,9.0
2011-07-02,WSH,PIT,3.0,5.0,4.0,3.0,8.0,7.0
2011-07-16,ATH,LAA,2.0,4.0,4.0,3.0,6.0,7.0
2011-07-18,MIN,CLE,2.0,5.0,3.0,6.0,7.0,9.0
2011-07-30,NYY,BAL,8.0,3.0,17.0,3.0,11.0,20.0
2011-08-16,BOS,TB,3.0,1.0,2.0,6.0,4.0,8.0
2011-08-22,PIT,MIL,1.0,8.0,9.0,2.0,9.0,11.0
2011-08-23,CLE,SEA,7.0,5.0,7.0,12.0,12.0,19.0
2011-08-24,MIA,CIN,6.0,5.0,2.0,3.0,11.0,5.0
2011-08-27,BOS,ATH,9.0,3.0,4.0,0.0,12.0,4.0
2011-08-28,BAL,NYY,2.0,0.0,3.0,8.0,2.0,11.0
2011-08-29,NYM,MIA,2.0,1.0,5.0,1.0,3.0,6.0
2011-09-05,MIN,CWS,1.0,2.0,0.0,4.0,3.0,4.0
2011-09-08,NYM,ATL,5.0,6.0,1.0,5.0,11.0,6.0
2011-09-15,PHI,MIA,3.0,1.0,2.0,1.0,4.0,3.0
2011-09-19,BOS,BAL,5.0,6.0,18.0,9.0,11.0,27.0
2011-09-20,CLE,CWS,4.0,3.0,4.0,5.0,7.0,9.0
2011-09-20,PHI,WSH,3.0,4.0,0.0,3.0,7.0,3.0
2011-09-21,NYY,TB,4.0,2.0,4.0,2.0,6.0,6.0
2011-09-24,CLE,MIN,8.0,2.0,7.0,6.0,10.0,13.0
2011-09-24,NYM,PHI,2.0,1.0,6.0,3.0,3.0,9.0
2011-09-25,NYY,BOS,6.0,2.0,4.0,7.0,8.0,11.0
2012-04-21,DET,TEX,4.0,10.0,3.0,2.0,14.0,5.0
2012-04-23,NYM,SF,1.0,6.0,2.0,7.0,7.0,9.0
2012-04-25,PIT,COL,1.0,2.0,5.0,1.0,3.0,6.0
2012-05-07,CLE,CWS,8.0,6.0,3.0,2.0,14.0,5.0
2012-05-10,BAL,TEX,6.0,5.0,3.0,7.0,11.0,10.0
2012-05-28,COL,HOU,9.0,7.0,7.0,6.0,16.0,13.0
2012-06-24,PHI,TB,2.0,3.0,3.0,7.0,5.0,10.0
2012-06-30,MIN,KC,7.0,2.0,5.0,1.0,9.0,6.0
2012-07-07,BOS,NYY,1.0,6.0,9.0,5.0,7.0,14.0
2012-07-21,WSH,ATL,0.0,4.0,5.0,2.0,4.0,7.0
2012-08-03,WSH,MIA,7.0,4.0,2.0,5.0,11.0,7.0
2012-08-18,CIN,CHC,5.0,3.0,7.0,9.0,8.0,16.0
2012-08-22,AZ,MIA,3.0,2.0,3.0,0.0,5.0,3.0
2012-09-01,KC,MIN,1.0,3.0,7.0,8.0,4.0,15.0
2012-09-09,PHI,COL,3.0,2.0,7.0,4.0,5.0,11.0
2012-09-19,NYY,TOR,4.0,2.0,2.0,1.0,6.0,3.0
2012-09-19,WSH,LAD,3.0,1.0,6.0,7.0,4.0,13.0
2012-09-23,DET,MIN,4.0,10.0,1.0,2.0,14.0,3.0
2012-09-24,BAL,TOR,4.0,1.0,5.0,9.0,5.0,14.0
2012-09-30,TEX,LAA,4.0,5.0,8.0,7.0,9.0,15.0
2013-04-16,COL,NYM,8.0,4.0,9.0,8.0,12.0,17.0
2013-04-17,CIN,PHI,1.0,0.0,11.0,2.0,1.0,13.0
2013-04-20,BAL,LAD,7.0,5.0,6.0,1.0,12.0,7.0
2013-04-21,BOS,KC,2.0,4.0,4.0,5.0,6.0,9.0
2013-04-23,COL,ATL,3.0,4.0,2.0,10.0,7.0,12.0
2013-04-23,MIN,MIA,4.0,3.0,5.0,8.0,7.0,13.0
2013-04-28,KC,CLE,9.0,0.0,3.0,10.0,9.0,13.0
2013-05-13,CLE,NYY,1.0,0.0,0.0,7.0,1.0,7.0
2013-05-25,NYM,ATL,5.0,7.0,0.0,6.0,12.0,6.0
2013-05-27,AZ,TEX,5.0,3.0,5.0,4.0,8.0,9.0
2013-06-01,STL,SF,8.0,0.0,7.0,1.0,8.0,8.0
2013-06-08,BOS,LAA,5.0,9.0,7.0,2.0,14.0,9.0
2013-06-09,WSH,MIN,7.0,0.0,5.0,4.0,7.0,9.0
2013-06-18,ATL,NYM,3.0,4.0,1.0,6.0,7.0,7.0
2013-06-18,BOS,TB,5.0,1.0,3.0,1.0,6.0,4.0
2013-06-19,NYY,LAD,6.0,4.0,0.0,6.0,10.0,6.0
2013-06-28,CWS,CLE,10.0,19.0,8.0,9.0,29.0,17.0
2013-07-13,PHI,CWS,4.0,5.0,2.0,1.0,9.0,3.0
2013-07-26,WSH,NYM,0.0,11.0,2.0,1.0,11.0,3.0
2013-07-30,CHC,MIL,5.0,6.0,2.0,3.0,11.0,5.0
2013-07-30,PIT,STL,2.0,1.0,6.0,0.0,3.0,6.0
2013-08-09,CWS,MIN,5.0,7.0,2.0,3.0,12.0,5.0
2013-08-16,DET,KC,1.0,2.0,0.0,3.0,3.0,3.0
2013-08-20,NYY,TOR,8.0,4.0,3.0,2.0,12.0,5.0
2013-09-14,NYM,MIA,0.0,3.0,3.0,1.0,3.0,4.0
2013-09-17,WSH,ATL,6.0,5.0,4.0,0.0,11.0,4.0
2013-09-22,WSH,MIA,2.0,4.0,5.0,4.0,6.0,9.0
2014-04-02,ATH,CLE,6.0,1.0,4.0,6.0,7.0,10.0
2014-04-09,CLE,SD,2.0,0.0,1.0,2.0,2.0,3.0
2014-04-15,CIN,PIT,7.0,8.0,7.0,5.0,15.0,12.0
2014-04-16,NYY,CHC,3.0,0.0,2.0,0.0,3.0,2.0
2014-04-17,MIN,TOR,7.0,0.0,9.0,5.0,7.0,14.0
2014-05-01,BAL,PIT,5.0,1.0,6.0,5.0,6.0,11.0
2014-05-01,BOS,TB,1.0,2.0,5.0,6.0,3.0,11.0
2014-05-01,MIN,LAD,4.0,9.0,3.0,4.0,13.0,7.0
2014-05-07,ATH,SEA,4.0,6.0,2.0,0.0,10.0,2.0
2014-05-15,CIN,SD,5.0,0.0,1.0,6.0,5.0,7.0
2014-05-18,NYY,PIT,4.0,3.0,3.0,5.0,7.0,8.0
2014-05-25,NYM,AZ,1.0,2.0,4.0,2.0,3.0,6.0
2014-06-27,BAL,TB,2.0,5.0,4.0,1.0,7.0,5.0
2014-06-28,CHC,WSH,0.0,3.0,2.0,7.0,3.0,9.0
2014-06-28,PHI,ATL,3.0,10.0,1.0,5.0,13.0,6.0
2014-07-01,CWS,LAA,4.0,8.0,5.0,7.0,12.0,12.0
2014-07-05,BOS,BAL,3.0,2.0,4.0,7.0,5.0,11.0
2014-07-08,CIN,CHC,4.0,2.0,6.0,5.0,6.0,11.0
2014-07-19,DET,CLE,2.0,6.0,2.0,5.0,8.0,7.0
2014-08-13,CLE,AZ,3.0,2.0,0.0,1.0,5.0,1.0
2014-08-17,COL,CIN,10.0,9.0,10.0,5.0,19.0,15.0
2014-08-21,CHC,SF,2.0,1.0,3.0,5.0,3.0,8.0
2014-08-23,MIN,DET,12.0,4.0,6.0,8.0,16.0,14.0
2014-08-30,CWS,DET,6.0,3.0,4.0,8.0,9.0,12.0
2014-08-30,STL,CHC,1.0,5.0,13.0,2.0,6.0,15.0
2014-09-01,COL,SF,2.0,4.0,10.0,9.0,6.0,19.0
2014-09-06,CHC,PIT,3.0,5.0,0.0,5.0,8.0,5.0
2014-09-11,CLE,MIN,8.0,2.0,2.0,0.0,10.0,2.0
2014-09-12,BAL,NYY,2.0,1.0,5.0,0.0,3.0,5.0
2014-09-13,CWS,MIN,5.0,1.0,7.0,6.0,6.0,13.0
2014-09-25,WSH,NYM,4.0,7.0,3.0,0.0,11.0,3.0
2014-09-26,WSH,MIA,4.0,0.0,7.0,15.0,4.0,22.0
2015-04-26,CWS,KC,3.0,2.0,5.0,3.0,5.0,8.0
2015-05-06,COL,AZ,7.0,13.0,1.0,5.0,20.0,6.0
2015-05-09,CWS,CIN,4.0,10.0,8.0,2.0,14.0,10.0
2015-05-23,COL,SF,8.0,10.0,5.0,3.0,18.0,8.0
2015-05-28,BAL,CWS,2.0,3.0,6.0,3.0,5.0,9.0
2015-06-02,COL,LAD,6.0,3.0,8.0,9.0,9.0,17.0
2015-06-02,WSH,TOR,2.0,0.0,3.0,7.0,2.0,10.0
2015-06-03,BOS,MIN,6.0,3.0,0.0,2.0,9.0,2.0
2015-06-28,BAL,CLE,4.0,0.0,8.0,0.0,4.0,8.0
2015-06-28,NYM,CIN,2.0,1.0,7.0,2.0,3.0,9.0
2015-06-28,PHI,WSH,2.0,3.0,8.0,5.0,5.0,13.0
2015-07-07,CHC,STL,7.0,4.0,5.0,3.0,11.0,8.0
2015-07-07,KC,TB,9.0,5.0,7.0,1.0,14.0,8.0
2015-07-17,CWS,KC,2.0,4.0,2.0,0.0,6.0,2.0
2015-07-18,WSH,LAD,5.0,3.0,2.0,4.0,8.0,6.0
2015-07-20,LAA,BOS,11.0,1.0,7.0,3.0,12.0,10.0
2015-07-22,CIN,CHC,9.0,1.0,5.0,6.0,10.0,11.0
2015-09-01,COL,AZ,4.0,6.0,3.0,5.0,10.0,8.0
2015-09-05,CIN,MIL,6.0,8.0,3.0,7.0,14.0,10.0
2015-09-11,PHI,CHC,1.0,5.0,3.0,7.0,6.0,10.0
2015-09-12,CIN,STL,4.0,2.0,5.0,1.0,6.0,6.0
2015-09-12,NYY,TOR,5.0,9.0,7.0,10.0,14.0,17.0
2015-09-13,CLE,DET,7.0,2.0,2.0,9.0,9.0,11.0
2015-09-15,PIT,CHC,5.0,4.0,1.0,2.0,9.0,3.0
2015-09-19,MIN,LAA,3.0,4.0,2.0,5.0,7.0,7.0
2015-09-21,DET,CWS,0.0,2.0,2.0,3.0,2.0,5.0
2015-09-30,BAL,TOR,2.0,15.0,8.0,1.0,17.0,9.0
2015-09-30,CLE,MIN,1.0,7.0,10.0,2.0,8.0,12.0
2015-09-30,PIT,STL,8.0,2.0,1.0,11.0,10.0,12.0
2015-10-03,BAL,NYY,9.0,2.0,4.0,3.0,11.0,7.0
2015-10-03,NYM,WSH,1.0,3.0,0.0,2.0,4.0,2.0
2015-10-03,PHI,MIA,6.0,7.0,2.0,5.0,13.0,7.0
2015-10-04,ATL,STL,6.0,0.0,2.0,0.0,6.0,2.0
2016-05-07,BAL,ATH,4.0,8.0,5.0,2.0,12.0,7.0
2016-05-11,CHC,SD,4.0,7.0,0.0,1.0,11.0,1.0
2016-05-14,WSH,MIA,6.0,4.0,1.0,7.0,10.0,8.0
2016-05-18,KC,BOS,3.0,2.0,2.0,5.0,5.0,7.0
2016-05-23,CWS,CLE,7.0,6.0,1.0,5.0,13.0,6.0
2016-06-07,PIT,NYM,3.0,1.0,3.0,1.0,4.0,4.0
2016-06-25,BAL,TB,5.0,0.0,8.0,6.0,5.0,14.0
2016-07-20,STL,SD,4.0,2.0,3.0,2.0,6.0,5.0
2016-07-24,CWS,DET,4.0,3.0,5.0,4.0,7.0,9.0
2016-07-26,NYM,STL,2.0,3.0,3.0,1.0,5.0,4.0
2016-08-11,MIN,HOU,7.0,15.0,2.0,10.0,22.0,12.0
2016-08-16,CHC,MIL,4.0,0.0,4.0,1.0,4.0,5.0
2016-08-31,COL,LAD,7.0,0.0,8.0,10.0,7.0,18.0
2016-09-17,CIN,PIT,4.0,10.0,3.0,7.0,14.0,10.0
2016-09-22,MIN,DET,2.0,9.0,2.0,4.0,11.0,6.0
2017-04-27,STL,TOR,8.0,4.0,6.0,4.0,12.0,10.0
2017-05-09,COL,CHC,10.0,4.0,1.0,8.0,14.0,9.0
2017-05-14,NYY,HOU,11.0,6.0,7.0,10.0,17.0,17.0
2017-05-14,WSH,PHI,3.0,4.0,6.0,5.0,7.0,11.0
2017-05-18,MIN,COL,1.0,5.0,2.0,0.0,6.0,2.0
2017-05-21,MIN,KC,4.0,6.0,8.0,4.0,10.0,12.0
2017-05-27,CWS,DET,3.0,0.0,3.0,4.0,3.0,7.0
2017-06-10,ATL,NYM,1.0,6.0,1.0,8.0,7.0,9.0
2017-06-10,TB,ATH,6.0,5.0,2.0,7.0,11.0,9.0
2017-06-13,STL,MIL,6.0,0.0,5.0,8.0,6.0,13.0
2017-06-17,MIN,CLE,3.0,9.0,2.0,6.0,12.0,8.0
2017-07-01,DET,CLE,7.0,4.0,1.0,4.0,11.0,5.0
2017-07-01,KC,MIN,11.0,6.0,5.0,10.0,17.0,15.0
2017-07-16,BOS,NYY,0.0,3.0,3.0,0.0,3.0,3.0
2017-07-30,WSH,COL,6.0,10.0,3.0,1.0,16.0,4.0
2017-08-06,KC,SEA,7.0,8.0,9.0,1.0,15.0,10.0
2017-08-13,WSH,SF,2.0,4.0,6.0,2.0,6.0,8.0
2017-08-17,MIN,CLE,3.0,9.0,4.0,2.0,12.0,6.0
2017-08-21,CWS,MIN,7.0,6.0,2.0,10.0,13.0,12.0
2017-08-22,PHI,MIA,8.0,12.0,4.0,7.0,20.0,11.0
2017-08-27,WSH,NYM,5.0,6.0,5.0,4.0,11.0,9.0
2017-08-30,NYY,CLE,1.0,2.0,4.0,9.0,3.0,13.0
2017-08-30,PHI,ATL,1.0,9.0,2.0,5.0,10.0,7.0
2017-09-01,DET,CLE,2.0,3.0,0.0,10.0,5.0,10.0
2017-09-02,HOU,NYM,12.0,8.0,4.0,1.0,20.0,5.0
2017-09-02,SD,LAD,6.0,5.0,7.0,2.0,11.0,9.0
2017-09-06,ATL,TEX,8.0,12.0,5.0,4.0,20.0,9.0
2017-09-09,ATH,HOU,11.0,1.0,11.0,4.0,12.0,15.0
2017-09-25,NYM,ATL,2.0,9.0,3.0,2.0,11.0,5.0
2018-04-01,DET,PIT,0.0,1.0,6.0,8.0,1.0,14.0
2018-04-17,TOR,KC,11.0,3.0,5.0,4.0,14.0,9.0
2018-04-20,DET,KC,3.0,2.0,2.0,3.0,5.0,5.0
2018-04-25,PIT,DET,10.0,13.0,8.0,3.0,23.0,11.0
2018-04-28,KC,CWS,0.0,8.0,5.0,2.0,8.0,7.0
2018-04-28,SF,LAD,6.0,15.0,8.0,3.0,21.0,11.0
2018-05-03,CLE,TOR,11.0,13.0,13.0,4.0,24.0,17.0
2018-05-12,BAL,TB,6.0,3.0,3.0,10.0,9.0,13.0
2018-05-12,DET,SEA,4.0,3.0,5.0,9.0,7.0,14.0
2018-05-19,CIN,CHC,5.0,4.0,0.0,10.0,9.0,10.0
2018-05-19,WSH,LAD,1.0,4.0,4.0,5.0,5.0,9.0
2018-05-28,ATL,NYM,4.0,3.0,5.0,8.0,7.0,13.0
2018-06-04,DET,NYY,4.0,7.0,4.0,2.0,11.0,6.0
2018-06-05,MIN,CWS,4.0,2.0,3.0,6.0,6.0,9.0
2018-06-18,WSH,NYY,5.0,3.0,2.0,4.0,8.0,6.0
2018-06-19,CHC,LAD,3.0,4.0,2.0,1.0,7.0,3.0
2018-06-22,CWS,ATH,2.0,11.0,6.0,4.0,13.0,10.0
2018-07-09,BAL,NYY,5.0,4.0,2.0,10.0,9.0,12.0
2018-07-09,NYM,PHI,4.0,3.0,1.0,3.0,7.0,4.0
2018-07-14,PIT,MIL,2.0,1.0,6.0,2.0,3.0,8.0
2018-07-21,CHC,STL,7.0,2.0,3.0,6.0,9.0,9.0
2018-07-22,PHI,SD,2.0,10.0,5.0,0.0,12.0,5.0
2018-07-28,NYY,KC,5.0,10.0,5.0,4.0,15.0,9.0
2018-08-04,WSH,CIN,1.0,7.0,6.0,2.0,8.0,8.0
2018-08-07,WSH,ATL,8.0,3.0,1.0,3.0,11.0,4.0
2018-08-11,BAL,BOS,0.0,5.0,4.0,6.0,5.0,10.0
2018-08-13,ATL,MIA,9.0,1.0,6.0,1.0,10.0,7.0
2018-08-16,PHI,NYM,4.0,24.0,9.0,6.0,28.0,15.0
2018-08-25,BAL,NYY,3.0,10.0,1.0,5.0,13.0,6.0
2018-08-29,CHC,NYM,2.0,1.0,3.0,10.0,3.0,13.0
2018-09-08,WSH,CHC,10.0,3.0,6.0,5.0,13.0,11.0
2018-09-11,PHI,WSH,1.0,3.0,6.0,7.0,4.0,13.0
2018-09-13,NYM,MIA,4.0,3.0,5.0,2.0,7.0,7.0
2018-09-26,BOS,BAL,19.0,3.0,3.0,10.0,22.0,13.0
2018-09-28,MIN,CWS,2.0,1.0,12.0,4.0,3.0,16.0
2018-09-29,BAL,HOU,3.0,4.0,2.0,5.0,7.0,7.0
2019-04-20,BAL,MIN,5.0,6.0,7.0,16.0,11.0,23.0
2019-04-20,CLE,ATL,8.0,4.0,7.0,8.0,12.0,15.0
2019-04-23,BOS,DET,4.0,7.0,2.0,4.0,11.0,6.0
2019-05-01,CWS,BAL,4.0,5.0,7.0,6.0,9.0,13.0
2019-05-01,KC,TB,3.0,2.0,8.0,2.0,5.0,10.0
2019-05-11,MIN,DET,3.0,5.0,8.0,3.0,8.0,11.0
2019-05-15,NYY,BAL,5.0,3.0,3.0,1.0,8.0,4.0
2019-05-22,STL,KC,2.0,8.0,10.0,3.0,10.0,13.0
2019-05-25,KC,NYY,3.0,7.0,5.0,6.0,10.0,11.0
2019-05-27,CIN,PIT,5.0,8.0,8.0,1.0,13.0,9.0
2019-05-28,CWS,KC,2.0,1.0,4.0,3.0,3.0,7.0
2019-06-08,BOS,TB,2.0,9.0,5.0,1.0,11.0,6.0
2019-06-08,TEX,ATH,10.0,5.0,3.0,1.0,15.0,4.0
2019-06-11,NYY,NYM,12.0,5.0,4.0,10.0,17.0,14.0
2019-06-14,NYM,STL,4.0,5.0,5.0,9.0,9.0,14.0
2019-06-19,WSH,PHI,6.0,2.0,2.0,0.0,8.0,2.0
2019-07-03,CWS,DET,7.0,5.0,9.0,6.0,12.0,15.0
2019-07-13,BAL,TB,2.0,1.0,4.0,12.0,3.0,16.0
2019-07-15,COL,SF,2.0,19.0,1.0,2.0,21.0,3.0
2019-07-18,NYY,TB,6.0,2.0,5.0,1.0,8.0,6.0
2019-07-24,WSH,COL,3.0,2.0,2.0,0.0,5.0,2.0
2019-08-03,NYY,BOS,9.0,2.0,6.0,4.0,11.0,10.0
2019-08-05,NYM,MIA,6.0,2.0,5.0,4.0,8.0,9.0
2019-08-06,DET,CWS,3.0,5.0,10.0,6.0,8.0,16.0
2019-08-07,CLE,TEX,2.0,0.0,5.0,1.0,2.0,6.0
2019-08-12,NYY,BAL,8.0,5.0,11.0,8.0,13.0,19.0
2019-08-13,CWS,HOU,2.0,6.0,4.0,1.0,8.0,5.0
2019-08-20,TEX,LAA,1.0,5.0,3.0,2.0,6.0,5.0
2019-08-31,STL,CIN,10.0,6.0,3.0,2.0,16.0,5.0
2019-09-01,STL,CIN,4.0,3.0,3.0,5.0,7.0,8.0
2019-09-03,TB,BAL,2.0,4.0,2.0,0.0,6.0,2.0
2019-09-12,DET,NYY,4.0,10.0,4.0,6.0,14.0,10.0
2019-09-14,CLE,MIN,0.0,2.0,5.0,9.0,2.0,14.0
2019-09-24,WSH,PHI,4.0,1.0,6.0,5.0,5.0,11.0
2019-09-28,CWS,DET,7.0,1.0,3.0,4.0,8.0,7.0
2020-07-28,CLE,CWS,4.0,3.0,5.0,3.0,7.0,8.0
2020-08-02,DET,CIN,3.0,4.0,0.0,4.0,7.0,4.0
2020-08-08,TB,NYY,4.0,8.0,5.0,3.0,12.0,8.0
2020-08-09,PHI,ATL,2.0,5.0,0.0,8.0,7.0,8.0
2020-08-15,CWS,STL,1.0,5.0,3.0,6.0,6.0,9.0
2020-08-15,MIN,KC,4.0,2.0,2.0,4.0,6.0,6.0
2020-08-16,TOR,TB,5.0,7.0,2.0,3.0,12.0,5.0
2020-08-19,KC,CIN,4.0,0.0,0.0,5.0,4.0,5.0
2020-08-20,TOR,PHI,3.0,2.0,9.0,8.0,5.0,17.0
2020-08-25,HOU,LAA,6.0,3.0,5.0,12.0,9.0,17.0
2020-08-26,ATL,NYY,5.0,1.0,2.0,1.0,6.0,3.0
2020-08-27,MIL,CIN,1.0,6.0,0.0,6.0,7.0,6.0
2020-08-27,SD,SEA,10.0,7.0,3.0,8.0,17.0,11.0
2020-08-27,SF,LAD,0.0,7.0,0.0,2.0,7.0,2.0
2020-08-27,STL,PIT,3.0,4.0,0.0,2.0,7.0,2.0
2020-08-29,CIN,CHC,0.0,3.0,6.0,5.0,3.0,11.0
2020-08-29,DET,MIN,8.0,2.0,4.0,2.0,10.0,6.0
2020-08-29,HOU,ATH,4.0,2.0,6.0,3.0,6.0,9.0
2020-09-04,ATL,WSH,7.0,1.0,9.0,10.0,8.0,19.0
2020-09-04,BAL,NYY,5.0,6.0,6.0,3.0,11.0,9.0
2020-09-08,PHI,BOS,6.0,5.0,2.0,5.0,11.0,7.0
2020-09-08,STL,MIN,3.0,7.0,6.0,4.0,10.0,10.0
2020-09-10,STL,DET,12.0,2.0,3.0,6.0,14.0,9.0
2020-09-11,MIA,PHI,0.0,11.0,5.0,3.0,11.0,8.0
2020-09-11,NYY,BAL,6.0,0.0,10.0,1.0,6.0,11.0
2020-09-12,TEX,ATH,5.0,2.0,1.0,10.0,7.0,11.0
2020-09-13,MIA,PHI,2.0,1.0,8.0,1.0,3.0,9.0
2020-09-13,SD,SF,6.0,0.0,3.0,1.0,6.0,4.0
2020-09-14,CIN,PIT,3.0,1.0,9.0,4.0,4.0,13.0
2020-09-14,MIL,STL,2.0,1.0,2.0,3.0,3.0,5.0
2020-09-14,SEA,ATH,6.0,5.0,0.0,9.0,11.0,9.0
2020-09-16,MIL,STL,2.0,4.0,6.0,0.0,6.0,6.0
2020-09-18,MIA,WSH,0.0,5.0,14.0,3.0,5.0,17.0
2020-09-20,MIA,WSH,2.0,1.0,0.0,15.0,3.0,15.0
2020-09-22,WSH,PHI,5.0,1.0,8.0,7.0,6.0,15.0
2020-09-25,AZ,COL,4.0,0.0,11.0,5.0,4.0,16.0
2020-09-26,WSH,NYM,4.0,3.0,5.0,3.0,7.0,8.0
2021-04-07,WSH,ATL,6.0,7.0,0.0,2.0,13.0,2.0
2021-04-13,BAL,SEA,3.0,4.0,7.0,6.0,7.0,13.0
2021-04-13,NYM,PHI,4.0,3.0,4.0,0.0,7.0,4.0
2021-04-14,MIN,BOS,2.0,3.0,1.0,7.0,5.0,8.0
2021-04-15,BAL,SEA,2.0,4.0,1.0,2.0,6.0,3.0
2021-04-17,COL,NYM,3.0,4.0,7.0,2.0,7.0,9.0
2021-04-17,KC,TOR,1.0,5.0,3.0,2.0,6.0,5.0
2021-04-18,BOS,CWS,2.0,3.0,1.0,5.0,5.0,6.0
2021-04-20,ATH,MIN,7.0,0.0,1.0,0.0,7.0,1.0
2021-04-21,CIN,AZ,4.0,5.0,5.0,8.0,9.0,13.0
2021-04-21,DET,PIT,2.0,3.0,5.0,2.0,5.0,7.0
2021-04-25,ATL,AZ,0.0,5.0,0.0,7.0,5.0,7.0
2021-04-29,CWS,DET,3.0,1.0,11.0,0.0,4.0,11.0
2021-05-04,CHC,LAD,7.0,1.0,4.0,3.0,8.0,7.0
2021-05-04,COL,SF,4.0,12.0,8.0,6.0,16.0,14.0
2021-05-05,STL,NYM,4.0,1.0,2.0,7.0,5.0,9.0
2021-05-12,COL,SD,3.0,5.0,3.0,2.0,8.0,5.0
2021-05-14,CWS,KC,2.0,6.0,3.0,1.0,8.0,4.0
2021-05-20,LAA,MIN,7.0,1.0,3.0,6.0,8.0,9.0
2021-05-27,NYM,COL,1.0,0.0,4.0,2.0,1.0,6.0
2021-05-27,NYY,TOR,0.0,2.0,5.0,3.0,2.0,8.0
2021-05-27,WSH,CIN,5.0,3.0,0.0,3.0,8.0,3.0
2021-05-29,CWS,BAL,7.0,4.0,3.0,1.0,11.0,4.0
2021-05-29,PIT,COL,7.0,0.0,4.0,0.0,7.0,4.0
2021-05-29,WSH,MIL,1.0,4.0,2.0,6.0,5.0,8.0
2021-05-30,CLE,TOR,1.0,4.0,6.0,5.0,5.0,11.0
2021-05-31,CLE,CWS,6.0,8.0,3.0,1.0,14.0,4.0
2021-06-12,WSH,SF,2.0,0.0,1.0,2.0,2.0,3.0
2021-06-19,WSH,NYM,1.0,5.0,6.0,2.0,6.0,8.0
2021-06-20,ATL,STL,1.0,9.0,1.0,0.0,10.0,1.0
2021-06-21,NYM,ATL,4.0,2.0,0.0,1.0,6.0,1.0
2021-06-25,NYM,PHI,2.0,1.0,1.0,2.0,3.0,3.0
2021-06-26,DET,HOU,3.0,1.0,2.0,3.0,4.0,5.0
2021-06-27,CWS,SEA,7.0,5.0,2.0,3.0,12.0,5.0
2021-06-30,CLE,DET,4.0,9.0,1.0,7.0,13.0,8.0
2021-07-04,NYY,NYM,5.0,10.0,4.0,2.0,15.0,6.0
2021-07-07,NYM,MIL,4.0,3.0,0.0,5.0,7.0,5.0
2021-07-07,TB,CLE,8.0,1.0,4.0,0.0,9.0,4.0
2021-07-10,NYM,PIT,2.0,6.0,4.0,2.0,8.0,6.0
2021-07-16,PHI,MIA,5.0,2.0,0.0,7.0,7.0,7.0
2021-07-17,DET,MIN,1.0,0.0,5.0,4.0,1.0,9.0
2021-07-18,PHI,MIA,7.0,4.0,4.0,2.0,11.0,6.0
2021-07-18,TOR,TEX,5.0,0.0,10.0,0.0,5.0,10.0
2021-07-18,WSH,SD,4.0,10.0,8.0,7.0,14.0,15.0
2021-07-19,CWS,MIN,2.0,3.0,5.0,3.0,5.0,8.0
2021-07-26,NYM,ATL,0.0,2.0,1.0,0.0,2.0,1.0
2021-07-28,BOS,TOR,1.0,4.0,4.0,1.0,5.0,5.0
2021-07-29,PHI,WSH,1.0,3.0,11.0,8.0,4.0,19.0
2021-08-07,TOR,BOS,1.0,0.0,1.0,2.0,1.0,3.0
2021-08-10,CHC,MIL,2.0,4.0,3.0,6.0,6.0,9.0
2021-08-12,NYM,WSH,4.0,1.0,5.0,4.0,5.0,9.0
2021-08-14,PIT,MIL,14.0,4.0,0.0,6.0,18.0,6.0
2021-08-17,NYY,BOS,5.0,3.0,2.0,0.0,8.0,2.0
2021-08-25,CHC,COL,5.0,2.0,10.0,13.0,7.0,23.0
2021-08-31,NYM,MIA,6.0,5.0,3.0,1.0,11.0,4.0
2021-09-01,CIN,STL,4.0,5.0,12.0,2.0,9.0,14.0
2021-09-04,WSH,NYM,9.0,11.0,4.0,3.0,20.0,7.0
2021-09-11,BAL,TOR,10.0,11.0,2.0,11.0,21.0,13.0
2021-09-14,MIN,CLE,1.0,3.0,6.0,3.0,4.0,9.0
2021-09-20,CLE,KC,2.0,7.0,2.0,4.0,9.0,6.0
2021-09-23,CLE,CWS,2.0,7.0,5.0,3.0,9.0,8.0
2021-09-24,CHC,STL,5.0,8.0,4.0,12.0,13.0,16.0
2021-09-28,NYM,MIA,5.0,2.0,2.0,1.0,7.0,3.0
2022-04-19,NYM,SF,5.0,4.0,3.0,1.0,9.0,4.0
2022-04-19,WSH,AZ,6.0,1.0,1.0,0.0,7.0,1.0
2022-04-20,CLE,CWS,11.0,1.0,2.0,1.0,12.0,3.0
2022-04-23,DET,COL,13.0,0.0,2.0,3.0,13.0,5.0
2022-05-03,NYM,ATL,5.0,4.0,3.0,0.0,9.0,3.0
2022-05-04,CLE,SD,4.0,5.0,6.0,5.0,9.0,11.0
2022-05-04,DET,PIT,3.0,2.0,2.0,7.0,5.0,9.0
2022-05-07,CHC,LAD,0.0,7.0,2.0,6.0,7.0,8.0
2022-05-07,CIN,PIT,9.0,2.0,5.0,8.0,11.0,13.0
2022-05-07,CLE,TOR,3.0,8.0,8.0,2.0,11.0,10.0
2022-05-08,BAL,KC,4.0,6.0,4.0,2.0,10.0,6.0
2022-05-08,NYY,TEX,2.0,1.0,2.0,4.0,3.0,6.0
2022-05-08,PHI,NYM,3.0,2.0,1.0,6.0,5.0,7.0
2022-05-12,MIN,HOU,0.0,5.0,3.0,11.0,5.0,14.0
2022-05-14,ATH,LAA,4.0,3.0,1.0,9.0,7.0,10.0
2022-05-17,KC,CWS,0.0,3.0,2.0,1.0,3.0,3.0
2022-05-17,LAD,AZ,7.0,6.0,12.0,3.0,13.0,15.0
2022-05-17,NYM,STL,3.0,1.0,3.0,4.0,4.0,7.0
2022-05-21,COL,NYM,1.0,5.0,11.0,3.0,6.0,14.0
2022-05-22,NYY,CWS,1.0,3.0,0.0,5.0,4.0,5.0
2022-05-28,BOS,BAL,5.0,3.0,2.0,4.0,8.0,6.0
2022-05-28,WSH,COL,13.0,7.0,2.0,3.0,20.0,5.0
2022-05-30,CHC,MIL,6.0,7.0,1.0,3.0,13.0,4.0
2022-05-31,DET,MIN,2.0,8.0,4.0,0.0,10.0,4.0
2022-06-01,COL,MIA,1.0,14.0,13.0,12.0,15.0,25.0
2022-06-02,NYY,LAA,6.0,1.0,2.0,1.0,7.0,3.0
2022-06-04,CHC,STL,6.0,1.0,4.0,7.0,7.0,11.0
2022-06-07,CLE,TEX,6.0,3.0,3.0,6.0,9.0,9.0
2022-06-11,SD,COL,2.0,1.0,2.0,6.0,3.0,8.0
2022-06-14,STL,PIT,3.0,1.0,9.0,1.0,4.0,10.0
2022-06-17,WSH,PHI,3.0,5.0,7.0,8.0,8.0,15.0
2022-06-18,SEA,LAA,2.0,4.0,0.0,3.0,6.0,3.0
2022-06-28,CLE,MIN,3.0,2.0,0.0,6.0,5.0,6.0
2022-07-02,CLE,NYY,4.0,13.0,1.0,6.0,17.0,7.0
2022-07-02,TOR,TB,2.0,6.0,5.0,11.0,8.0,16.0
2022-07-04,DET,CLE,4.0,1.0,5.0,3.0,5.0,8.0
2022-07-07,CIN,PIT,2.0,4.0,5.0,1.0,6.0,6.0
2022-07-11,KC,DET,3.0,1.0,7.0,3.0,4.0,10.0
2022-07-12,CLE,CWS,4.0,1.0,0.0,7.0,5.0,7.0
2022-07-13,WSH,SEA,4.0,6.0,1.0,2.0,10.0,3.0
2022-07-16,CHC,NYM,1.0,2.0,3.0,4.0,3.0,7.0
2022-07-21,ATH,DET,2.0,7.0,5.0,0.0,9.0,5.0
2022-07-21,HOU,NYY,3.0,2.0,7.0,5.0,5.0,12.0
2022-07-23,CWS,CLE,4.0,7.0,5.0,4.0,11.0,9.0
2022-08-02,SD,COL,13.0,5.0,3.0,2.0,18.0,5.0
2022-08-04,STL,CHC,4.0,3.0,7.0,2.0,7.0,9.0
2022-08-06,NYM,ATL,8.0,5.0,6.0,2.0,13.0,8.0
2022-08-06,SEA,LAA,2.0,1.0,1.0,7.0,3.0,8.0
2022-08-09,KC,CWS,4.0,2.0,2.0,3.0,6.0,5.0
2022-08-13,MIA,ATL,2.0,5.0,2.0,6.0,7.0,8.0
2022-08-15,CLE,DET,4.0,1.0,5.0,7.0,5.0,12.0
2022-08-20,PHI,NYM,2.0,8.0,4.0,1.0,10.0,5.0
2022-08-23,CHC,STL,2.0,0.0,3.0,13.0,2.0,16.0
2022-09-04,CIN,COL,4.0,8.0,10.0,0.0,12.0,10.0
2022-09-05,BAL,TOR,3.0,7.0,4.0,8.0,10.0,12.0
2022-09-07,NYY,MIN,5.0,4.0,7.0,1.0,9.0,8.0
2022-09-07,PIT,NYM,1.0,5.0,0.0,10.0,6.0,10.0
2022-09-08,MIL,SF,2.0,1.0,4.0,2.0,3.0,6.0
2022-09-12,MIA,TEX,2.0,3.0,10.0,6.0,5.0,16.0
2022-09-13,CIN,PIT,1.0,6.0,0.0,1.0,7.0,1.0
2022-09-13,TOR,TB,2.0,4.0,7.0,2.0,6.0,9.0
2022-09-17,CLE,MIN,5.0,1.0,7.0,6.0,6.0,13.0
2022-09-17,STL,CIN,5.0,1.0,1.0,0.0,6.0,1.0
2022-09-20,LAD,AZ,6.0,5.0,2.0,5.0,11.0,7.0
2022-10-01,WSH,PHI,13.0,4.0,2.0,8.0,17.0,10.0
2022-10-04,NYM,WSH,4.0,2.0,8.0,0.0,6.0,8.0
2022-10-04,SEA,DET,7.0,6.0,9.0,6.0,13.0,15.0
2022-10-04,TEX,NYY,4.0,5.0,3.0,2.0,9.0,5.0
2022-10-05,BAL,TOR,5.0,4.0,1.0,5.0,9.0,6.0
2023-04-18,CWS,PHI,4.0,7.0,3.0,0.0,11.0,3.0
2023-04-18,DET,CLE,4.0,3.0,1.0,0.0,7.0,1.0
2023-04-22,CLE,MIA,1.0,6.0,2.0,3.0,7.0,5.0
2023-04-29,DET,BAL,7.0,4.0,4.0,6.0,11.0,10.0
2023-04-29,WSH,PIT,3.0,6.0,1.0,16.0,9.0,17.0
2023-05-01,NYM,ATL,8.0,9.0,5.0,3.0,17.0,8.0
2023-05-03,DET,NYM,6.0,5.0,8.0,1.0,11.0,9.0
2023-05-14,WSH,NYM,2.0,8.0,3.0,2.0,10.0,5.0
2023-05-21,NYM,CLE,5.0,4.0,2.0,1.0,9.0,3.0
2023-06-03,BOS,TB,8.0,5.0,2.0,4.0,13.0,6.0
2023-06-08,NYY,CWS,5.0,6.0,3.0,0.0,11.0,3.0
2023-06-14,DET,ATL,7.0,10.0,5.0,6.0,17.0,11.0
2023-06-18,BOS,NYY,6.0,2.0,4.0,1.0,8.0,5.0
2023-07-01,STL,NYY,11.0,4.0,2.0,6.0,15.0,8.0
2023-07-06,CWS,TOR,2.0,6.0,4.0,5.0,8.0,9.0
2023-07-15,KC,TB,1.0,6.0,2.0,4.0,7.0,6.0
2023-07-15,PHI,SD,6.0,4.0,9.0,4.0,10.0,13.0
2023-07-15,STL,WSH,9.0,6.0,5.0,7.0,15.0,12.0
2023-07-18,CIN,SF,10.0,11.0,2.0,4.0,21.0,6.0
2023-07-22,BOS,NYM,8.0,6.0,4.0,5.0,14.0,9.0
2023-07-27,DET,LAA,0.0,6.0,4.0,11.0,6.0,15.0
2023-08-08,PHI,WSH,8.0,4.0,4.0,5.0,12.0,9.0
2023-08-12,NYM,ATL,3.0,21.0,0.0,6.0,24.0,6.0
2023-08-13,PIT,CIN,4.0,2.0,5.0,6.0,6.0,11.0
2023-08-18,CLE,DET,2.0,4.0,4.0,1.0,6.0,5.0
2023-08-19,LAA,TB,7.0,6.0,4.0,18.0,13.0,22.0
2023-08-19,LAD,MIA,3.0,1.0,3.0,1.0,4.0,4.0
2023-08-19,SD,AZ,4.0,6.0,1.0,8.0,10.0,9.0
2023-08-23,LAA,CIN,4.0,9.0,3.0,7.0,13.0,10.0
2023-08-24,CLE,LAD,3.0,9.0,1.0,6.0,12.0,7.0
2023-09-01,CIN,CHC,2.0,6.0,3.0,2.0,8.0,5.0
2023-09-11,PHI,ATL,8.0,10.0,7.0,5.0,18.0,12.0
2023-09-12,BOS,NYY,2.0,3.0,1.0,4.0,5.0,5.0
2023-09-12,CWS,KC,6.0,2.0,10.0,11.0,8.0,21.0
2023-09-14,BOS,NYY,5.0,0.0,5.0,8.0,5.0,13.0
2023-09-16,COL,SF,9.0,5.0,5.0,2.0,14.0,7.0
2023-09-24,WSH,ATL,3.0,2.0,5.0,8.0,5.0,13.0
2023-09-26,COL,LAD,4.0,1.0,2.0,11.0,5.0,13.0
2023-09-27,NYM,MIA,11.0,2.0,2.0,4.0,13.0,6.0
2023-09-28,DET,KC,7.0,3.0,8.0,0.0,10.0,8.0
2023-09-30,NYM,PHI,4.0,3.0,11.0,4.0,7.0,15.0
2024-04-04,NYM,DET,3.0,6.0,2.0,1.0,9.0,3.0
2024-04-13,CLE,NYY,2.0,3.0,2.0,8.0,5.0,10.0
2024-04-13,DET,MIN,5.0,11.0,1.0,4.0,16.0,5.0
2024-04-17,CWS,KC,2.0,4.0,2.0,1.0,6.0,3.0
2024-04-20,CHC,MIA,2.0,3.0,5.0,3.0,5.0,8.0
2024-04-21,COL,SEA,2.0,1.0,2.0,10.0,3.0,12.0
2024-04-30,DET,STL,1.0,2.0,11.0,6.0,3.0,17.0
2024-05-08,ATH,TEX,9.0,4.0,11.0,12.0,13.0,23.0
2024-05-14,CWS,WSH,3.0,6.0,4.0,0.0,9.0,4.0
2024-05-20,ATL,SD,5.0,6.0,3.0,0.0,11.0,3.0
2024-05-22,STL,BAL,5.0,4.0,3.0,1.0,9.0,4.0
2024-05-28,NYM,LAD,2.0,5.0,0.0,3.0,7.0,3.0
2024-05-29,DET,PIT,8.0,0.0,2.0,10.0,8.0,12.0
2024-06-16,MIN,ATH,6.0,2.0,8.0,7.0,8.0,15.0
2024-06-26,STL,ATL,2.0,6.0,4.0,1.0,8.0,5.0
2024-07-10,CWS,MIN,3.0,1.0,2.0,3.0,4.0,5.0
2024-07-10,STL,KC,4.0,6.0,5.0,8.0,10.0,13.0
2024-07-13,STL,CHC,11.0,3.0,5.0,4.0,14.0,9.0
2024-07-20,ATL,STL,3.0,2.0,5.0,9.0,5.0,14.0
2024-07-27,SF,COL,4.0,1.0,5.0,0.0,5.0,5.0
2024-07-29,BAL,TOR,11.0,5.0,4.0,8.0,16.0,12.0
2024-08-07,CLE,AZ,3.0,7.0,3.0,5.0,10.0,8.0
2024-08-07,NYY,LAA,5.0,2.0,2.0,8.0,7.0,10.0
2024-08-09,MIN,CLE,4.0,2.0,6.0,3.0,6.0,9.0
2024-08-10,NYY,TEX,8.0,0.0,4.0,9.0,8.0,13.0
2024-08-26,BOS,TOR,3.0,7.0,1.0,4.0,10.0,5.0
2024-08-26,CLE,KC,3.0,4.0,4.0,9.0,7.0,13.0
2024-08-28,CWS,TEX,3.0,4.0,1.0,3.0,7.0,4.0
2024-08-30,CIN,MIL,4.0,5.0,0.0,14.0,9.0,14.0
2024-09-07,PIT,WSH,3.0,5.0,6.0,8.0,8.0,14.0
2024-09-22,BOS,MIN,8.0,1.0,9.0,3.0,9.0,12.0
2024-09-30,ATL,NYM,7.0,8.0,3.0,0.0,15.0,3.0
2025-04-06,BOS,STL,5.0,4.0,18.0,7.0,9.0,25.0
2025-04-20,COL,WSH,2.0,3.0,3.0,1.0,5.0,4.0
2025-04-24,KC,COL,7.0,4.0,6.0,2.0,11.0,8.0
2025-04-26,CLE,BOS,5.0,4.0,3.0,7.0,9.0,10.0
2025-04-26,DET,BAL,4.0,3.0,6.0,2.0,7.0,8.0
2025-04-27,NYY,TOR,11.0,2.0,5.0,1.0,13.0,6.0
2025-04-30,CIN,STL,0.0,6.0,1.0,9.0,6.0,10.0
2025-05-04,STL,NYM,6.0,5.0,5.0,4.0,11.0,9.0
2025-05-06,WSH,CLE,10.0,9.0,1.0,9.0,19.0,10.0
2025-05-08,COL,DET,2.0,10.0,1.0,11.0,12.0,12.0
2025-05-14,BAL,MIN,3.0,6.0,6.0,8.0,9.0,14.0
2025-05-14,PHI,STL,2.0,1.0,7.0,14.0,3.0,21.0
2025-05-21,MIN,CLE,1.0,5.0,6.0,5.0,6.0,11.0
2025-05-24,BOS,BAL,6.0,5.0,1.0,2.0,11.0,3.0
2025-05-29,PHI,ATL,5.0,4.0,3.0,9.0,9.0,12.0
2025-06-05,STL,KC,6.0,5.0,5.0,7.0,11.0,12.0
2025-06-07,CIN,AZ,13.0,1.0,4.0,3.0,14.0,7.0
2025-06-19,CWS,STL,4.0,5.0,6.0,8.0,9.0,14.0
2025-06-19,DET,PIT,9.0,2.0,4.0,8.0,11.0,12.0
2025-07-02,BOS,CIN,4.0,8.0,5.0,3.0,12.0,8.0
2025-07-02,NYM,MIL,2.0,7.0,7.0,3.0,9.0,10.0
2025-07-02,PHI,SD,4.0,6.0,5.0,1.0,10.0,6.0
2025-07-02,WSH,DET,2.0,11.0,9.0,4.0,13.0,13.0
2025-07-10,BAL,NYM,3.0,1.0,7.0,3.0,4.0,10.0
2025-07-11,CWS,CLE,2.0,4.0,5.0,4.0,6.0,9.0
2025-07-26,KC,CLE,5.0,3.0,4.0,6.0,8.0,10.0
2025-07-29,BAL,TOR,16.0,4.0,3.0,2.0,20.0,5.0
2025-08-09,ATL,MIA,7.0,1.0,8.0,6.0,8.0,14.0
2025-08-19,CHC,MIL,6.0,4.0,4.0,1.0,10.0,5.0
2025-09-16,WSH,ATL,3.0,6.0,0.0,5.0,9.0,5.0
2025-09-20,MIN,CLE,0.0,6.0,0.0,8.0,6.0,8.0
2026-04-04,KC,MIL,2.0,5.0,8.0,2.0,7.0,10.0
2026-04-05,CLE,CHC,0.0,1.0,6.0,5.0,1.0,11.0
2026-04-26,NYM,COL,1.0,3.0,0.0,3.0,4.0,3.0
2026-04-30,BAL,HOU,10.0,3.0,5.0,11.0,13.0,16.0
2026-04-30,PHI,SF,3.0,2.0,6.0,5.0,5.0,11.0
2026-05-23,CIN,STL,1.0,8.0,7.0,6.0,9.0,13.0
2026-05-24,BAL,DET,5.0,3.0,1.0,4.0,8.0,5.0
2026-06-17,ATL,SF,2.0,7.0,5.0,7.0,9.0,12.0
2026-06-24,NYM,CHC,3.0,10.0,5.0,10.0,13.0,15.0
2026-07-07,STL,MIL,3.0,4.0,2.0,10.0,7.0,12.0
2026-07-11,PIT,MIL,7.0,6.0,3.0,2.0,13.0,5.0
2026-07-17,BOS,TB,10.0,0.0,5.0,3.0,10.0,8.0
2026-07-18,CLE,PIT,1.0,7.0,5.0,3.0,8.0,8.0
2026-07-19,NYY,LAD,2.0,8.0,2.0,1.0,10.0,3.0
2026-07-22,BOS,BAL,6.0,3.0,1.0,5.0,9.0,6.0
2026-07-22,NYY,PIT,3.0,5.0,2.0,0.0,8.0,2.0
2026-07-28,CIN,CLE,5.0,6.0,2.0,0.0,11.0,2.0
2026-07-29,NYM,ATL,3.0,2.0,0.0,1.0,5.0,1.0
2026-08-17,CIN,STL,1.0,2.0,6.0,5.0,3.0,11.0
