date,game_pk,market,pick,ask,p_model,edge,won,price_age_min,fee,cost_per_contract,stake,contracts,pnl,cum_pnl
2026-08-29,824230,ML,DET,0.37,0.431,0.045,True,0.0,0.016317,0.386317,15.0,38.82821620586202,23.83,23.83
2026-08-29,822690,OVER 9.5,OVER 9.5,0.34975692,0.406,0.04,False,0.0,0.015919891183847953,0.365676811183848,15.0,41.01982827797792,-15.0,8.83
2026-08-29,823501,ML,BOS,0.45,0.51,0.043,False,0.0,0.017325000000000007,0.467325,15.0,32.09757663296421,-15.0,-6.17
2026-08-29,823986,ML,LAA,0.32,0.378,0.043,False,0.0,0.015232,0.33523200000000003,15.0,44.74513172966781,-15.0,-21.17
2026-08-29,824961,ML,BAL,0.58,0.64,0.043,True,0.0,0.017052000000000005,0.5970519999999999,15.0,25.12343983438629,10.12,-11.05
2026-08-29,824961,UNDER 8.5,UNDER 8.5,0.36940972,0.483,0.097,True,0.0,0.016306232513866516,0.38571595251386653,15.0,38.88872083780551,23.89,12.84
2026-08-30,822933,OVER 9.5,OVER 9.5,0.26976592000000005,0.328,0.044,False,0.0,0.013789458788458756,0.2835553787884588,15.0,52.8997194977933,-15.0,-2.16
2026-08-30,823740,UNDER 8.5,UNDER 8.5,0.49952023,0.5660000000000001,0.049,False,0.0,0.017499983887452296,0.5170202138874523,15.0,29.012405312387415,-15.0,-17.16
2026-08-30,823580,UNDER 8.5,UNDER 8.5,0.44957623,0.552,0.085,False,0.0,0.0173220210393291,0.46689825103932914,15.0,32.12691409018895,-15.0,-32.16
2026-08-30,824636,UNDER 8.5,UNDER 8.5,0.40987303,0.527,0.1,False,0.0,0.016931399049503342,0.4268044290495034,15.0,35.144902393363424,-15.0,-47.16
2026-08-31,822932,ML,NYM,0.37,0.46599999999999997,0.08,True,0.0,0.016317,0.386317,15.0,38.82821620586202,23.83,-23.33
2026-08-31,823663,ML,DET,0.47,0.544,0.057,False,0.0,0.017437,0.48743699999999995,15.0,30.773207614522494,-15.0,-38.33
2026-08-31,823663,UNDER 8.5,UNDER 8.5,0.44957623,0.534,0.067,False,0.0,0.0173220210393291,0.46689825103932914,15.0,32.12691409018895,-15.0,-53.33
2026-08-31,824149,ML,CWS,0.45,0.5349999999999999,0.068,False,0.0,0.017325000000000007,0.467325,15.0,32.09757663296421,-15.0,-68.33
2026-08-31,824635,UNDER 8.5,UNDER 8.5,0.3901054299999999,0.5329999999999999,0.126,False,0.0,0.016654622843916056,0.406760052843916,15.0,36.87677758699642,-15.0,-83.33
2026-08-31,824911,ML,SF,0.35,0.46499999999999997,0.099,True,0.0,0.015925,0.365925,15.0,40.99200655872105,25.99,-57.34
2026-08-31,824911,UNDER 8.5,UNDER 8.5,0.4595370299999999,0.5369999999999999,0.06,False,0.0,0.017385392364114537,0.4769224223641144,15.0,31.451656069439316,-15.0,-72.34
2026-08-31,825040,OVER 9.5,OVER 9.5,0.37925712,0.45,0.054,False,0.0,0.016479480985051392,0.39573660098505137,15.0,37.903999687323875,-15.0,-87.34
2026-09-01,822687,UNDER 8.5,UNDER 8.5,0.36940972,0.486,0.1,False,0.0,0.016306232513866516,0.38571595251386653,15.0,38.88872083780551,-15.0,-102.34
2026-09-01,822854,OVER 7.5,OVER 7.5,0.48950343,0.56,0.053,True,0.0,0.017492287541276456,0.5069957175412765,15.0,29.58604871998508,14.59,-87.75
2026-09-01,823661,ML,DET,0.5,0.5720000000000001,0.054,False,0.0,0.0175,0.5175,15.0,28.985507246376812,-15.0,-102.75
2026-09-01,824070,UNDER 8.5,UNDER 8.5,0.37925712,0.508,0.112,False,0.0,0.016479480985051392,0.39573660098505137,15.0,37.903999687323875,-15.0,-117.75
2026-09-01,824148,ML,CWS,0.5,0.5609999999999999,0.044,True,0.0,0.0175,0.5175,15.0,28.985507246376812,13.99,-103.76
2026-09-01,824313,UNDER 8.5,UNDER 8.5,0.27947052,0.377,0.083,True,0.0,0.014095672391565072,0.29356619239156506,15.0,51.09580186260913,36.1,-67.66
2026-09-01,824391,ML,TOR,0.39,0.499,0.092,False,0.0,0.016653,0.40665300000000004,15.0,36.886485529431724,-15.0,-82.66
2026-09-01,824391,UNDER 8.5,UNDER 8.5,0.55991503,0.631,0.054,True,0.0,0.017248713242606937,0.5771637432426069,15.0,25.989158493787873,10.99,-71.67
2026-09-01,824633,ML,MIL,0.46,0.518,0.04,True,0.0,0.017388000000000004,0.47738800000000003,15.0,31.42098251317586,16.42,-55.25
2026-09-01,824633,UNDER 8.5,UNDER 8.5,0.35957632,0.475,0.099,False,0.0,0.016119683306668034,0.375696003306668,15.0,39.925897182770946,-15.0,-70.25
2026-09-01,824716,ML,BOS,0.53,0.596,0.048,False,0.0,0.017437,0.5474370000000001,15.0,27.400413198231025,-15.0,-85.25
2026-09-01,824716,OVER 8.5,OVER 8.5,0.35957632,0.495,0.119,True,0.0,0.016119683306668034,0.375696003306668,15.0,39.925897182770946,24.93,-60.32
2026-09-01,825038,OVER 7.5,OVER 7.5,0.4895034299999999,0.577,0.07,True,0.0,0.01749228754127646,0.5069957175412764,15.0,29.586048719985087,14.59,-45.73
2026-09-02,824470,UNDER 8.5,UNDER 8.5,0.39998223,0.488,0.071,False,0.0,0.0167997511978959,0.4167819811978959,15.0,35.99003958109628,-15.0,-60.73
2026-09-02,822931,ML,NYM,0.38,0.44899999999999995,0.052,True,0.0,0.016492,0.396492,15.0,37.83178475227747,22.83,-37.9
2026-09-02,823339,UNDER 8.5,UNDER 8.5,0.46951183,0.544,0.057,False,0.0,0.017434933004303575,0.4869467630043036,15.0,30.80418875249291,-15.0,-52.9
2026-09-02,823660,ML,DET,0.49,0.567,0.06,True,0.0,0.017493,0.507493,15.0,29.557057929863074,14.56,-38.34
2026-09-02,823906,ML,STL,0.31,0.41600000000000004,0.091,True,0.0,0.014972999999999998,0.324973,15.0,46.15768079194272,31.16,-7.18
2026-09-02,823983,OVER 7.5,OVER 7.5,0.39010543,0.484,0.077,True,0.0,0.01665462284391606,0.40676005284391603,15.0,36.87677758699642,21.88,14.7
2026-09-02,824068,UNDER 8.5,UNDER 8.5,0.44957623,0.548,0.081,False,0.0,0.0173220210393291,0.46689825103932914,15.0,32.12691409018895,-15.0,-0.3
2026-09-02,824147,ML,CWS,0.44,0.511,0.054,False,0.0,0.017248000000000003,0.457248,15.0,32.80495486038211,-15.0,-15.3
2026-09-02,824312,UNDER 8.5,UNDER 8.5,0.26976592000000005,0.371,0.087,False,0.0,0.013789458788458756,0.2835553787884588,15.0,52.8997194977933,-15.0,-30.3
2026-09-02,824390,UNDER 8.5,UNDER 8.5,0.60045823,0.6799999999999999,0.063,False,0.0,0.0167935700817687,0.6172518000817687,15.0,24.301265703903848,-15.0,-45.3
2026-09-03,823337,ML,SF,0.4,0.46499999999999997,0.048,False,0.0,0.016800000000000002,0.4168,15.0,35.98848368522073,-15.0,-60.3
2026-09-03,823337,UNDER 8.5,UNDER 8.5,0.43962943000000004,0.5640000000000001,0.107,True,0.0,0.017244877599451258,0.4568743075994513,15.0,32.8317871031407,17.83,-42.47
2026-09-03,824144,ML,CWS,0.41,0.5409999999999999,0.114,False,0.0,0.016933000000000004,0.426933,15.0,35.134318499624065,-15.0,-57.47
2026-09-03,823095,ML,ATH,0.34,0.397,0.042,True,0.0,0.015708000000000003,0.355708,15.0,42.169419861234495,27.17,-30.3
2026-09-03,823095,OVER 7.5,OVER 7.5,0.48,0.541,0.044,True,0.0,0.017472,0.49747199999999997,15.0,30.152450791200312,15.15,-15.15
2026-09-03,823907,ML,STL,0.27,0.379,0.095,False,0.0,0.013797000000000002,0.283797,15.0,52.8546813391262,-15.0,-30.15
2026-09-03,824069,ML,MIA,0.49,0.5509999999999999,0.044,False,0.0,0.017493,0.507493,15.0,29.557057929863074,-15.0,-45.15
2026-09-03,824069,UNDER 8.5,UNDER 8.5,0.42969663,0.503,0.056,False,0.0,0.01715402053166502,0.44685065053166506,15.0,33.56826264469555,-15.0,-60.15
2026-09-04,822852,ML,TB,0.49,0.585,0.077,True,0.0,0.017493,0.507493,15.0,29.557057929863074,14.56,-45.59
2026-09-04,823093,OVER 9.5,OVER 9.5,0.29,0.346,0.042,True,0.0,0.014413,0.304413,15.0,49.27516236165998,34.28,-11.31
2026-09-04,823338,ML,LAA,0.37,0.46699999999999997,0.081,False,0.0,0.016317,0.386317,15.0,38.82821620586202,-15.0,-26.31
2026-09-04,823338,UNDER 8.5,UNDER 8.5,0.4895034299999999,0.577,0.07,True,0.0,0.01749228754127646,0.5069957175412764,15.0,29.586048719985087,14.59,-11.72
2026-09-04,823418,OVER 7.5,OVER 7.5,0.4,0.478,0.061,False,0.0,0.016800000000000002,0.4168,15.0,35.98848368522073,-15.0,-26.72
2026-09-04,823579,ML,SF,0.36,0.478,0.102,False,0.0,0.016128,0.37612799999999996,15.0,39.88004083716182,-15.0,-41.72
2026-09-04,823579,OVER 8.5,OVER 8.5,0.39,0.45,0.043,True,0.0,0.016653,0.40665300000000004,15.0,36.886485529431724,21.89,-19.83
2026-09-04,823824,OVER 9.5,OVER 9.5,0.36,0.454,0.078,False,0.0,0.016128,0.37612799999999996,15.0,39.88004083716182,-15.0,-34.83
2026-09-04,823905,ML,WSH,0.28,0.41900000000000004,0.125,False,0.0,0.014112000000000001,0.29411200000000004,15.0,51.00097921880099,-15.0,-49.83
2026-09-04,824067,UNDER 8.5,UNDER 8.5,0.36940972,0.49,0.104,False,0.0,0.016306232513866516,0.38571595251386653,15.0,38.88872083780551,-15.0,-64.83
2026-09-04,824146,ML,AZ,0.46,0.54,0.063,False,0.0,0.017388000000000004,0.47738800000000003,15.0,31.42098251317586,-15.0,-79.83
2026-09-04,824311,UNDER 8.5,UNDER 8.5,0.26976592,0.32899999999999996,0.045,False,0.0,0.013789458788458754,0.28355537878845877,15.0,52.89971949779331,-15.0,-94.83
2026-09-04,824424,UNDER 8.5,UNDER 8.5,0.5005226799999999,0.571,0.053,False,0.0,0.017499980876393234,0.5180226608763931,15.0,28.95626221181701,-15.0,-109.83
2026-09-04,824471,UNDER 8.5,UNDER 8.5,0.39010543000000003,0.501,0.094,False,0.0,0.01665462284391606,0.4067600528439161,15.0,36.87677758699641,-15.0,-124.83
2026-09-04,824387,UNDER 8.5,UNDER 8.5,0.52965463,0.621,0.074,True,0.0,0.017438442204369416,0.5470930722043694,15.0,27.41763835458818,12.42,-112.41
2026-09-05,822850,ML,TB,0.5,0.589,0.071,True,0.0,0.0175,0.5175,15.0,28.985507246376812,13.99,-98.42
2026-09-05,822850,OVER 7.5,OVER 7.5,0.41,0.498,0.071,True,0.0,0.016933000000000004,0.426933,15.0,35.134318499624065,20.13,-78.29
2026-09-05,823094,OVER 7.5,OVER 7.5,0.5,0.593,0.075,True,0.0,0.0175,0.5175,15.0,28.985507246376812,13.99,-64.3
2026-09-05,823257,ML,NYY,0.46,0.5349999999999999,0.058,True,0.0,0.017388000000000004,0.47738800000000003,15.0,31.42098251317586,16.42,-47.88
2026-09-05,823419,ML,ATL,0.41,0.46799999999999997,0.041,False,0.0,0.016933000000000004,0.426933,15.0,35.134318499624065,-15.0,-62.88
2026-09-05,823577,ML,SF,0.4,0.471,0.055,True,0.0,0.016800000000000002,0.4168,15.0,35.98848368522073,20.99,-41.89
2026-09-05,823823,OVER 9.5,OVER 9.5,0.38,0.455,0.059,True,0.0,0.016492,0.396492,15.0,37.83178475227747,22.83,-19.06
2026-09-05,823904,ML,WSH,0.34,0.43600000000000005,0.081,False,0.0,0.015708000000000003,0.355708,15.0,42.169419861234495,-15.0,-34.06
2026-09-05,823904,OVER 7.5,OVER 7.5,0.46,0.565,0.088,True,0.0,0.017388000000000004,0.47738800000000003,15.0,31.42098251317586,16.42,-17.64
2026-09-05,824066,UNDER 8.5,UNDER 8.5,0.39998223,0.484,0.067,True,0.0,0.0167997511978959,0.4167819811978959,15.0,35.99003958109628,20.99,3.35
2026-09-05,824145,UNDER 8.5,UNDER 8.5,0.45953703,0.542,0.065,True,0.0,0.017385392364114537,0.47692242236411453,15.0,31.45165606943931,16.45,19.8
2026-09-05,824310,UNDER 8.5,UNDER 8.5,0.30964375,0.369,0.044,False,0.0,0.014963514866015626,0.3246072648660156,15.0,46.20968666918584,-15.0,4.8
2026-09-05,824389,OVER 7.5,OVER 7.5,0.42,0.511,0.074,False,0.0,0.017052000000000005,0.437052,15.0,34.32085884517174,-15.0,-10.2
2026-09-05,824468,UNDER 8.5,UNDER 8.5,0.41977783,0.486,0.049,True,0.0,0.017049508240834378,0.4368273382408344,15.0,34.33851017751573,19.34,9.14
2026-09-06,822848,ML,TB,0.5,0.575,0.057,False,0.0,0.0175,0.5175,15.0,28.985507246376812,-15.0,-5.86
2026-09-06,823091,OVER 7.5,OVER 7.5,0.45,0.521,0.054,False,0.0,0.017325000000000007,0.467325,15.0,32.09757663296421,-15.0,-20.86
2026-09-06,823578,ML,SF,0.4,0.495,0.079,False,0.0,0.016800000000000002,0.4168,15.0,35.98848368522073,-15.0,-35.86
2026-09-06,823822,OVER 9.5,OVER 9.5,0.38,0.445,0.049,True,0.0,0.016492,0.396492,15.0,37.83178475227747,22.83,-13.03
2026-09-06,823903,ML,WSH,0.36,0.42200000000000004,0.046,False,0.0,0.016128,0.37612799999999996,15.0,39.88004083716182,-15.0,-28.03
2026-09-06,823903,OVER 9.5,OVER 9.5,0.37,0.431,0.045,True,0.0,0.016317,0.386317,15.0,38.82821620586202,23.83,-4.2
2026-09-06,824065,UNDER 8.5,UNDER 8.5,0.40987302999999997,0.497,0.07,True,0.0,0.01693139904950334,0.42680442904950333,15.0,35.144902393363424,20.14,15.94
2026-09-06,824309,UNDER 8.5,UNDER 8.5,0.28918911999999997,0.35,0.046,False,0.0,0.014389114101153792,0.30357823410115375,15.0,49.410657007122346,-15.0,0.94
2026-09-06,824385,ML,DET,0.4,0.478,0.061,False,0.0,0.016800000000000002,0.4168,15.0,35.98848368522073,-15.0,-14.06
2026-09-06,824385,OVER 7.5,OVER 7.5,0.43,0.49,0.043,False,0.0,0.017157000000000002,0.44715699999999997,15.0,33.5452648622296,-15.0,-29.06
2026-09-06,824794,OVER 7.5,OVER 7.5,0.46,0.521,0.044,False,0.0,0.017388000000000004,0.47738800000000003,15.0,31.42098251317586,-15.0,-44.06
2026-09-07,823254,ML,WSH,0.36,0.41900000000000004,0.043,False,0.0,0.016128,0.37612799999999996,15.0,39.88004083716182,-15.0,-59.06
2026-09-08,823250,ML,WSH,0.38,0.481,0.085,False,0.0,0.016492,0.396492,15.0,37.83178475227747,-15.0,-74.06
2026-09-08,823500,ML,COL,0.25,0.33799999999999997,0.075,False,0.0,0.013125000000000001,0.263125,15.0,57.00712589073634,-15.0,-89.06
2026-09-08,823738,ML,CHC,0.35,0.44599999999999995,0.08,False,0.0,0.015925,0.365925,15.0,40.99200655872105,-15.0,-104.06
2026-09-08,823738,OVER 7.5,OVER 7.5,0.48,0.547,0.05,False,0.0,0.017472,0.49747199999999997,15.0,30.152450791200312,-15.0,-119.06
2026-09-08,823901,ML,CIN,0.27,0.33599999999999997,0.053,False,0.0,0.013797000000000002,0.283797,15.0,52.8546813391262,-15.0,-134.06
2026-09-08,824063,UNDER 8.5,UNDER 8.5,0.40987303,0.519,0.092,True,0.0,0.016931399049503342,0.4268044290495034,15.0,35.144902393363424,20.14,-113.92
2026-09-08,824551,ML,PIT,0.44,0.507,0.05,True,0.0,0.017248000000000003,0.457248,15.0,32.80495486038211,17.8,-96.12
2026-09-08,824551,UNDER 8.5,UNDER 8.5,0.5095510299999999,0.575,0.048,False,0.0,0.01749361444781574,0.5270446444478156,15.0,28.460587083121755,-15.0,-111.12
2026-09-08,824957,UNDER 8.5,UNDER 8.5,0.40987302999999997,0.489,0.062,True,0.0,0.01693139904950334,0.42680442904950333,15.0,35.144902393363424,20.14,-90.98
2026-09-09,823090,ML,TEX,0.42,0.51,0.073,False,0.0,0.017052000000000005,0.437052,15.0,34.32085884517174,-15.0,-105.98
2026-09-09,823251,ML,WSH,0.38,0.46199999999999997,0.066,False,0.0,0.016492,0.396492,15.0,37.83178475227747,-15.0,-120.98
2026-09-09,823251,UNDER 8.5,UNDER 8.5,0.49952023,0.5720000000000001,0.055,False,0.0,0.017499983887452296,0.5170202138874523,15.0,29.012405312387415,-15.0,-135.98
2026-09-09,823900,ML,CIN,0.28,0.365,0.071,False,0.0,0.014112000000000001,0.29411200000000004,15.0,51.00097921880099,-15.0,-150.98
2026-09-09,824549,ML,PIT,0.46,0.54,0.063,True,0.0,0.017388000000000004,0.47738800000000003,15.0,31.42098251317586,16.42,-134.56
2026-09-09,824549,UNDER 8.5,UNDER 8.5,0.4595370299999999,0.5509999999999999,0.074,True,0.0,0.017385392364114537,0.4769224223641144,15.0,31.451656069439316,16.45,-118.11
2026-09-09,824713,UNDER 8.5,UNDER 8.5,0.4197778300000001,0.542,0.105,False,0.0,0.017049508240834378,0.4368273382408345,15.0,34.33851017751573,-15.0,-133.11
2026-09-09,824791,UNDER 8.5,UNDER 8.5,0.4795006299999999,0.567,0.07,False,0.0,0.017470584308072214,0.4969712143080721,15.0,30.182834675614654,-15.0,-148.11
2026-09-09,824956,UNDER 8.5,UNDER 8.5,0.41977783,0.483,0.046,True,0.0,0.017049508240834378,0.4368273382408344,15.0,34.33851017751573,19.34,-128.77
2026-09-10,824872,ML,TB,0.47,0.527,0.04,False,0.0,0.017437,0.48743699999999995,15.0,30.773207614522494,-15.0,-143.77
2026-09-10,823088,OVER 7.5,OVER 7.5,0.4,0.472,0.055,False,0.0,0.016800000000000002,0.4168,15.0,35.98848368522073,-15.0,-158.77
2026-09-11,822767,OVER 9.5,OVER 9.5,0.34,0.412,0.056,True,0.0,0.015708000000000003,0.355708,15.0,42.169419861234495,27.17,-131.6
2026-09-11,822930,ML,HOU,0.38,0.44099999999999995,0.045,False,0.0,0.016492,0.396492,15.0,37.83178475227747,-15.0,-146.6
2026-09-11,823012,OVER 7.5,OVER 7.5,0.53,0.601,0.054,True,0.0,0.017437,0.5474370000000001,15.0,27.400413198231025,12.4,-134.2
2026-09-11,823659,OVER 7.5,OVER 7.5,0.51,0.573,0.046,False,0.0,0.017493,0.527493,15.0,28.436396312368128,-15.0,-149.2
2026-09-11,823817,ML,MIA,0.36,0.438,0.062,False,0.0,0.016128,0.37612799999999996,15.0,39.88004083716182,-15.0,-164.2
2026-09-11,823817,OVER 7.5,OVER 7.5,0.49,0.595,0.088,True,0.0,0.017493,0.507493,15.0,29.557057929863074,14.56,-149.64
2026-09-11,824227,OVER 7.5,OVER 7.5,0.54,0.599,0.042,True,0.0,0.017388,0.557388,15.0,26.911235979246054,11.91,-137.73
2026-09-11,824873,ML,PHI,0.38,0.44299999999999995,0.046,False,0.0,0.016492,0.396492,15.0,37.83178475227747,-15.0,-152.73
2026-09-12,824224,OVER 9.5,OVER 9.5,0.4,0.457,0.04,True,0.0,0.016800000000000002,0.4168,15.0,35.98848368522073,20.99,-131.74
2026-09-12,824630,UNDER 8.5,UNDER 8.5,0.39010543000000003,0.506,0.099,True,0.0,0.01665462284391606,0.4067600528439161,15.0,36.87677758699641,21.88,-109.86
2026-09-12,823170,ML,SF,0.38,0.467,0.07,False,0.0,0.016492,0.396492,15.0,37.83178475227747,-15.0,-124.86
2026-09-12,824870,ML,PHI,0.44,0.511,0.053,False,0.0,0.017248000000000003,0.457248,15.0,32.80495486038211,-15.0,-139.86
2026-09-12,824955,UNDER 8.5,UNDER 8.5,0.39998223,0.482,0.065,False,0.0,0.0167997511978959,0.4167819811978959,15.0,35.99003958109628,-15.0,-154.86
2026-09-12,825035,OVER 9.5,OVER 9.5,0.38,0.44,0.044,False,0.0,0.016492,0.396492,15.0,37.83178475227747,-15.0,-169.86
2026-09-13,822764,ML,BAL,0.42,0.48,0.043,False,0.0,0.017052000000000005,0.437052,15.0,34.32085884517174,-15.0,-184.86
2026-09-13,824628,OVER 7.5,OVER 7.5,0.44,0.569,0.112,False,0.0,0.017248000000000003,0.457248,15.0,32.80495486038211,-15.0,-199.86
2026-09-13,824708,OVER 7.5,OVER 7.5,0.49,0.551,0.044,False,0.0,0.017493,0.507493,15.0,29.557057929863074,-15.0,-214.86
2026-09-13,825033,OVER 9.5,OVER 9.5,0.37,0.428,0.042,True,0.0,0.016317,0.386317,15.0,38.82821620586202,23.83,-191.03
2026-09-14,824386,ML,CWS,0.41,0.493,0.066,True,0.0,0.016933000000000004,0.426933,15.0,35.134318499624065,20.13,-170.9
2026-09-14,824465,OVER 7.5,OVER 7.5,0.5,0.586,0.068,False,0.0,0.0175,0.5175,15.0,28.985507246376812,-15.0,-185.9
2026-09-14,822765,ML,DET,0.44,0.53,0.072,True,0.0,0.017248000000000003,0.457248,15.0,32.80495486038211,17.8,-168.1
2026-09-14,823006,OVER 9.5,OVER 9.5,0.35,0.458,0.092,False,0.0,0.015925,0.365925,15.0,40.99200655872105,-15.0,-183.1
2026-09-14,823575,ML,BAL,0.43,0.493,0.045,True,0.0,0.017157000000000002,0.44715699999999997,15.0,33.5452648622296,18.55,-164.55
2026-09-14,823981,OVER 7.5,OVER 7.5,0.5,0.574,0.056,True,0.0,0.0175,0.5175,15.0,28.985507246376812,13.99,-150.56
2026-09-14,824629,UNDER 8.5,UNDER 8.5,0.39998223000000005,0.532,0.115,False,0.0,0.0167997511978959,0.41678198119789595,15.0,35.990039581096276,-15.0,-165.56
2026-09-15,824384,ML,CWS,0.42,0.484,0.047,False,0.0,0.017052000000000005,0.437052,15.0,34.32085884517174,-15.0,-180.56
2026-09-15,824384,UNDER 8.5,UNDER 8.5,0.47,0.534,0.047,False,0.0,0.017437,0.48743699999999995,15.0,30.773207614522494,-15.0,-195.56
2026-09-15,824466,SPREAD,CIN +1.5,0.43,0.492,0.045,False,0.0,0.017157000000000002,0.44715699999999997,15.0,33.5452648622296,-15.0,-210.56
2026-09-15,823333,SPREAD,PIT -1.5,0.2,0.287,0.076,False,0.0,0.011200000000000002,0.2112,15.0,71.02272727272727,-15.0,-225.56
2026-09-15,822683,ML,WSH,0.33,0.425,0.08,True,0.0,0.015477,0.34547700000000003,15.0,43.418230446599914,28.42,-197.14
2026-09-15,822683,SPREAD,WSH -1.5,0.2,0.306,0.095,True,0.0,0.011200000000000002,0.2112,15.0,71.02272727272727,56.02,-141.12
2026-09-15,822762,ML,DET,0.43,0.532,0.085,True,0.0,0.017157000000000002,0.44715699999999997,15.0,33.5452648622296,18.55,-122.57
2026-09-15,822762,SPREAD,DET -1.5,0.33,0.395,0.05,True,0.0,0.015477,0.34547700000000003,15.0,43.418230446599914,28.42,-94.15
2026-09-15,823574,ML,BAL,0.45,0.515,0.047,True,0.0,0.017325000000000007,0.467325,15.0,32.09757663296421,17.1,-77.05
2026-09-15,823654,OVER 7.5,OVER 7.5,0.5,0.58,0.062,True,0.0,0.0175,0.5175,15.0,28.985507246376812,13.99,-63.06
2026-09-15,823007,ML,SF,0.39,0.477,0.07,True,0.0,0.016653,0.40665300000000004,15.0,36.886485529431724,21.89,-41.17
2026-09-15,823007,SPREAD,SF -1.5,0.28,0.348,0.054,True,0.0,0.014112000000000001,0.29411200000000004,15.0,51.00097921880099,36.0,-5.17
2026-09-15,823007,OVER 9.5,OVER 9.5,0.36,0.47,0.094,True,0.0,0.016128,0.37612799999999996,15.0,39.88004083716182,24.88,19.71
2026-09-15,822849,ML,BOS,0.44,0.565,0.107,False,0.0,0.017248000000000003,0.457248,15.0,32.80495486038211,-15.0,4.71
2026-09-15,822849,SPREAD,BOS -1.5,0.33,0.424,0.079,False,0.0,0.015477,0.34547700000000003,15.0,43.418230446599914,-15.0,-10.29
2026-09-15,824143,ML,KC,0.41,0.506,0.079,False,0.0,0.016933000000000004,0.426933,15.0,35.134318499624065,-15.0,-25.29
2026-09-15,824143,SPREAD,KC -1.5,0.3,0.373,0.058,False,0.0,0.0147,0.3147,15.0,47.66444232602479,-15.0,-40.29
2026-09-15,824307,SPREAD,COL +1.5,0.47,0.543,0.056,True,0.0,0.017437,0.48743699999999995,15.0,30.773207614522494,15.77,-24.52
2026-09-15,824307,UNDER 8.5,UNDER 8.5,0.29,0.352,0.048,False,0.0,0.014413,0.304413,15.0,49.27516236165998,-15.0,-39.52
2026-09-15,823980,ML,LAA,0.39,0.5,0.094,True,0.0,0.016653,0.40665300000000004,15.0,36.886485529431724,21.89,-17.63
2026-09-15,823980,SPREAD,LAA -1.5,0.24,0.368,0.115,False,0.0,0.012768000000000002,0.252768,15.0,59.34295480440562,-15.0,-32.63
2026-09-15,825030,ML,MIA,0.43,0.5,0.053,True,0.0,0.017157000000000002,0.44715699999999997,15.0,33.5452648622296,18.55,-14.08
2026-09-16,824382,ML,CWS,0.38,0.45999999999999996,0.064,False,0.0,0.016492,0.396492,15.0,37.83178475227747,-15.0,-29.08
2026-09-16,823004,ML,SF,0.4,0.471,0.054,True,0.0,0.016800000000000002,0.4168,15.0,35.98848368522073,20.99,-8.09
2026-09-16,823004,OVER 9.5,OVER 9.5,0.37,0.467,0.081,True,0.0,0.016317,0.386317,15.0,38.82821620586202,23.83,15.74
2026-09-16,822763,ML,DET,0.46,0.5609999999999999,0.084,False,0.0,0.017388000000000004,0.47738800000000003,15.0,31.42098251317586,-15.0,0.74
2026-09-16,822763,SPREAD,DET -1.5,0.35,0.421,0.055,False,0.0,0.015925,0.365925,15.0,40.99200655872105,-15.0,-14.26
2026-09-16,822763,OVER 9.5,OVER 9.5,0.38,0.442,0.046,False,0.0,0.016492,0.396492,15.0,37.83178475227747,-15.0,-29.26
