venue_id,season,asof_date,n_games,pf_raw,pf_shrunk,log_pf
2397.0,2008,2008-01-01,0,,1.0,0.0
3309.0,2008,2008-01-01,0,,1.0,0.0
8.0,2008,2008-01-01,0,,1.0,0.0
2602.0,2008,2008-01-01,0,,1.0,0.0
5.0,2008,2008-01-01,0,,1.0,0.0
2680.0,2008,2008-01-01,0,,1.0,0.0
2394.0,2008,2008-01-01,0,,1.0,0.0
17.0,2008,2008-01-01,0,,1.0,0.0
20.0,2008,2008-01-01,0,,1.0,0.0
16.0,2008,2008-01-01,0,,1.0,0.0
22.0,2008,2008-01-01,0,,1.0,0.0
2.0,2008,2008-01-01,0,,1.0,0.0
680.0,2008,2008-01-01,0,,1.0,0.0
2681.0,2008,2008-01-01,0,,1.0,0.0
2889.0,2008,2008-01-01,0,,1.0,0.0
9.0,2008,2008-01-01,0,,1.0,0.0
10.0,2008,2008-01-01,0,,1.0,0.0
19.0,2008,2008-01-01,0,,1.0,0.0
14.0,2008,2008-01-01,0,,1.0,0.0
32.0,2008,2008-01-01,0,,1.0,0.0
1.0,2008,2008-01-01,0,,1.0,0.0
31.0,2008,2008-01-01,0,,1.0,0.0
15.0,2008,2008-01-01,0,,1.0,0.0
4.0,2008,2008-01-01,0,,1.0,0.0
2395.0,2008,2008-01-01,0,,1.0,0.0
2392.0,2008,2008-01-01,0,,1.0,0.0
13.0,2008,2008-01-01,0,,1.0,0.0
3.0,2008,2008-01-01,0,,1.0,0.0
7.0,2008,2008-01-01,0,,1.0,0.0
25.0,2008,2008-01-01,0,,1.0,0.0
12.0,2008,2008-01-01,0,,1.0,0.0
2504.0,2008,2008-01-01,0,,1.0,0.0
3289.0,2008,2008-01-01,0,,1.0,0.0
3313.0,2008,2008-01-01,0,,1.0,0.0
3312.0,2008,2008-01-01,0,,1.0,0.0
2535.0,2008,2008-01-01,0,,1.0,0.0
4169.0,2008,2008-01-01,0,,1.0,0.0
4589.0,2008,2008-01-01,0,,1.0,0.0
5010.0,2008,2008-01-01,0,,1.0,0.0
4705.0,2008,2008-01-01,0,,1.0,0.0
2735.0,2008,2008-01-01,0,,1.0,0.0
2701.0,2008,2008-01-01,0,,1.0,0.0
5365.0,2008,2008-01-01,0,,1.0,0.0
5381.0,2008,2008-01-01,0,,1.0,0.0
5325.0,2008,2008-01-01,0,,1.0,0.0
2756.0,2008,2008-01-01,0,,1.0,0.0
2536.0,2008,2008-01-01,0,,1.0,0.0
5340.0,2008,2008-01-01,0,,1.0,0.0
5150.0,2008,2008-01-01,0,,1.0,0.0
3949.0,2008,2008-01-01,0,,1.0,0.0
2523.0,2008,2008-01-01,0,,1.0,0.0
2529.0,2008,2008-01-01,0,,1.0,0.0
6130.0,2008,2008-01-01,0,,1.0,0.0
5355.0,2008,2008-01-01,0,,1.0,0.0
5445.0,2008,2008-01-01,0,,1.0,0.0
2397.0,2009,2009-01-01,2,0.9137923400487048,0.9988656886848514,-0.0011349551331345318
3309.0,2009,2009-01-01,80,0.9971087004649103,0.9989943305964906,-0.0010061754282748758
8.0,2009,2009-01-01,81,0.9755081625792275,0.9914119531121967,-0.00862513666766365
2602.0,2009,2009-01-01,81,1.0312514861551834,1.0109583133271423,0.010898706079563912
5.0,2009,2009-01-01,81,1.036560374114798,1.0128198714428511,0.012738392518272135
2680.0,2009,2009-01-01,81,0.8242048557302044,0.9383575468144872,-0.063624222633741
2394.0,2009,2009-01-01,81,1.1546831312162282,1.054239539517379,0.05281969139220405
17.0,2009,2009-01-01,81,1.0524870379936426,1.0184045457899786,0.01823723190975692
20.0,2009,2009-01-01,81,1.0020526023773015,1.0007197436907422,0.0007194847994681806
16.0,2009,2009-01-01,81,1.0471781500340278,1.0165429876742695,0.01640764308313897
22.0,2009,2009-01-01,81,0.8175687457806858,0.9360305991698509,-0.06610711161811701
2.0,2009,2009-01-01,81,1.1254842474383466,1.0440009698809787,0.043060418464784304
680.0,2009,2009-01-01,81,0.948963722781153,0.9821041625336511,-0.018057904426360988
2681.0,2009,2009-01-01,81,0.9954164924277831,0.9983927960461058,-0.0016084968916978196
2889.0,2009,2009-01-01,81,0.9688720526297088,0.9890850054675603,-0.01097500012522858
9.0,2009,2009-01-01,81,1.0259425981955685,1.0090967552114332,0.009055628955907526
10.0,2009,2009-01-01,79,0.8518749141779437,0.94890007956357,-0.05245177615421397
19.0,2009,2009-01-01,81,1.1029214736099837,1.036089347889215,0.03545338325487379
14.0,2009,2009-01-01,81,0.8600398494576046,0.9509230640955237,-0.05032211971403553
32.0,2009,2009-01-01,83,0.9209161641029471,0.9718285048092044,-0.02857592546972792
1.0,2009,2009-01-01,81,0.9781626065590349,0.9923427321700512,-0.0076867352281473796
31.0,2009,2009-01-01,81,1.0166520442662423,1.005839028508942,0.005822047451831166
15.0,2009,2009-01-01,81,1.0060342683470127,1.002115912277524,0.002113676887844572
4.0,2009,2009-01-01,81,1.077704255801813,1.0272469468395966,0.026882356608161684
2395.0,2009,2009-01-01,81,0.948963722781153,0.9821041625336511,-0.018057904426360988
2392.0,2009,2009-01-01,78,0.9978667484091438,0.9992702034031282,-0.0007300630280431098
13.0,2009,2009-01-01,81,1.321913101944096,1.1128786201622156,0.10695000988829258
3.0,2009,2009-01-01,81,1.059123147943161,1.0207314934346148,0.02051952069278434
7.0,2009,2009-01-01,81,0.9410003908417309,0.9793118253600875,-0.020905173009099463
25.0,2009,2009-01-01,81,0.976835384569131,0.9918773426411238,-0.008155825873251955
12.0,2009,2009-01-01,78,0.9372229128704664,0.9785236280872648,-0.021710345184337582
2504.0,2009,2009-01-01,3,0.9317098369124048,0.9986609771943609,-0.0013399200977619987
3289.0,2009,2009-01-01,0,,1.0,0.0
3313.0,2009,2009-01-01,0,,1.0,0.0
3312.0,2009,2009-01-01,0,,1.0,0.0
2535.0,2009,2009-01-01,0,,1.0,0.0
4169.0,2009,2009-01-01,0,,1.0,0.0
4589.0,2009,2009-01-01,0,,1.0,0.0
5010.0,2009,2009-01-01,0,,1.0,0.0
4705.0,2009,2009-01-01,0,,1.0,0.0
2735.0,2009,2009-01-01,0,,1.0,0.0
2701.0,2009,2009-01-01,0,,1.0,0.0
5365.0,2009,2009-01-01,0,,1.0,0.0
5381.0,2009,2009-01-01,0,,1.0,0.0
5325.0,2009,2009-01-01,0,,1.0,0.0
2756.0,2009,2009-01-01,0,,1.0,0.0
2536.0,2009,2009-01-01,0,,1.0,0.0
5340.0,2009,2009-01-01,0,,1.0,0.0
5150.0,2009,2009-01-01,0,,1.0,0.0
3949.0,2009,2009-01-01,0,,1.0,0.0
2523.0,2009,2009-01-01,0,,1.0,0.0
2529.0,2009,2009-01-01,0,,1.0,0.0
6130.0,2009,2009-01-01,0,,1.0,0.0
5355.0,2009,2009-01-01,0,,1.0,0.0
5445.0,2009,2009-01-01,0,,1.0,0.0
2397.0,2010,2010-01-01,2,0.9175406630521732,0.9989150087243708,-0.0010855803047628428
3309.0,2010,2010-01-01,160,1.0227879744022754,1.011761535175368,0.01169290591998166
8.0,2010,2010-01-01,163,1.0364136684782757,1.0189630286324565,0.018785471573014155
2602.0,2010,2010-01-01,162,0.9768443079408031,0.9879768522000324,-0.012096010456066942
5.0,2010,2010-01-01,162,1.0181569594362532,1.0094276520149776,0.009383489055417764
2680.0,2010,2010-01-01,162,0.8129263681362754,0.9028656142246044,-0.10218155809685842
2394.0,2010,2010-01-01,162,1.0787932705021557,1.0409118904530423,0.04009714671646797
17.0,2010,2010-01-01,161,1.0224695002956259,1.0116321207318193,0.011564987713509788
20.0,2010,2010-01-01,162,1.0481419484248864,1.024996780912922,0.02468947201268077
16.0,2010,2010-01-01,162,0.9588533145476233,0.9786353748612661,-0.021596152342617154
22.0,2010,2010-01-01,162,0.8382470255044545,0.9160128786273131,-0.0877248547700379
2.0,2010,2010-01-01,162,1.1134425911112429,1.0589028838462222,0.05723335688641378
680.0,2010,2010-01-01,162,0.9082119998112652,0.9523408460558493,-0.04883227669751025
2681.0,2010,2010-01-01,162,1.0161579601703443,1.008389710088448,0.008354712083261509
2889.0,2010,2010-01-01,162,0.9235376608498999,0.9602984008259094,-0.040511208625539044
9.0,2010,2010-01-01,81,1.0301509550317065,1.0105724128033258,0.010516915663503613
10.0,2010,2010-01-01,160,0.9283352590880811,0.9630117466261063,-0.0376896693081397
19.0,2010,2010-01-01,162,1.1154415903771517,1.0599408257727518,0.05821308182302989
14.0,2010,2010-01-01,162,0.9375306557112619,0.9675639943116167,-0.032973712274282474
32.0,2010,2010-01-01,164,0.96361515832739,0.980996452120038,-0.01918643601858598
1.0,2010,2010-01-01,162,1.0441439498930687,1.0229208970598624,0.022662159502635115
31.0,2010,2010-01-01,162,0.9861729711817112,0.9928205811905039,-0.00720531485687039
15.0,2010,2010-01-01,162,1.0494746146021587,1.0256887421972747,0.025364330544441607
4.0,2010,2010-01-01,162,1.040812284449887,1.0211909938489798,0.02096958716198973
2395.0,2010,2010-01-01,162,0.9095446659885377,0.9530328073402023,-0.04810595058972556
2392.0,2010,2010-01-01,160,0.9620683717002934,0.9804223853936997,-0.019771794669936275
13.0,2010,2010-01-01,162,1.1920698955703253,1.0997285996230535,0.09506342174665341
3.0,2010,2010-01-01,162,1.0861229344771548,1.0447176775169844,0.04374668386010403
7.0,2010,2010-01-01,162,1.0088282961953452,1.0045839230245062,0.004573448845714491
25.0,2010,2010-01-01,81,0.9808423064726208,0.9932823672046853,-0.00674029765030916
12.0,2010,2010-01-01,159,0.9891651839193609,0.9944248033759817,-0.005590796039607089
2504.0,2010,2010-01-01,3,0.935531656445353,0.9987359148322619,-0.0012648847973314138
3289.0,2010,2010-01-01,81,0.9235376608498999,0.9731885304278869,-0.027177453563624943
3313.0,2010,2010-01-01,81,1.0914535991862453,1.0320681451692029,0.03156469702004561
3312.0,2010,2010-01-01,0,,1.0,0.0
2535.0,2010,2010-01-01,0,,1.0,0.0
4169.0,2010,2010-01-01,0,,1.0,0.0
4589.0,2010,2010-01-01,0,,1.0,0.0
5010.0,2010,2010-01-01,0,,1.0,0.0
4705.0,2010,2010-01-01,0,,1.0,0.0
2735.0,2010,2010-01-01,0,,1.0,0.0
2701.0,2010,2010-01-01,0,,1.0,0.0
5365.0,2010,2010-01-01,0,,1.0,0.0
5381.0,2010,2010-01-01,0,,1.0,0.0
5325.0,2010,2010-01-01,0,,1.0,0.0
2756.0,2010,2010-01-01,0,,1.0,0.0
2536.0,2010,2010-01-01,0,,1.0,0.0
5340.0,2010,2010-01-01,0,,1.0,0.0
5150.0,2010,2010-01-01,0,,1.0,0.0
3949.0,2010,2010-01-01,0,,1.0,0.0
2523.0,2010,2010-01-01,0,,1.0,0.0
2529.0,2010,2010-01-01,0,,1.0,0.0
6130.0,2010,2010-01-01,0,,1.0,0.0
5355.0,2010,2010-01-01,0,,1.0,0.0
5445.0,2010,2010-01-01,0,,1.0,0.0
2397.0,2011,2011-01-01,2,0.9341898902159488,0.9991340775028414,-0.000866297624613934
3309.0,2011,2011-01-01,241,1.0041914270224648,1.002583462691596,0.0025801312883269685
8.0,2011,2011-01-01,163,1.0552199048631972,1.0287566916699717,0.02835097764895619
2602.0,2011,2011-01-01,243,0.9977356077542403,0.9985998796037668,-0.0014011014806596075
5.0,2011,2011-01-01,243,0.9986401731284507,0.9991591910183549,-0.0008411626597812763
2680.0,2011,2011-01-01,243,0.815917967537919,0.8861782852715377,-0.1208371237086309
2394.0,2011,2011-01-01,243,1.0669348588813476,1.0413872028197646,0.04055367323229184
17.0,2011,2011-01-01,242,1.0481819477969907,1.0297449779767136,0.029311177387675334
20.0,2011,2011-01-01,240,1.0390572847548962,1.0240352521568592,0.023750951959189973
16.0,2011,2011-01-01,243,0.9611007100987128,0.9759477673129445,-0.02434621109852842
22.0,2011,2011-01-01,243,0.86657362849371,0.9174997244884773,-0.08610299933849519
2.0,2011,2011-01-01,243,1.0886444278624008,1.0548106767698815,0.05336129752566949
680.0,2011,2011-01-01,243,0.8620508016226571,0.9147031674155361,-0.08915567353414852
2681.0,2011,2011-01-01,246,1.007012918482424,1.0043565099663543,0.004347047848065499
2889.0,2011,2011-01-01,243,0.9280840739400276,0.9555329006804751,-0.045486082948010834
9.0,2011,2011-01-01,81,1.0488435513971366,1.0171269595808141,0.016981946620823123
10.0,2011,2011-01-01,241,0.9148083572239167,0.94749057312267,-0.05393829128595169
19.0,2011,2011-01-01,243,1.1451797637505603,1.089767640181644,0.08596449937093394
14.0,2011,2011-01-01,240,0.9808993847267463,0.9882457752164593,-0.011823851829446633
32.0,2011,2011-01-01,245,1.0061886788736485,1.0038385476558074,0.0038311992306049895
1.0,2011,2011-01-01,243,0.9986401731284507,0.9991591910183549,-0.0008411626597812763
31.0,2011,2011-01-01,243,1.002258434625293,1.0013964366767079,0.0013954625657625452
15.0,2011,2011-01-01,243,1.071005403065295,1.0439041041854114,0.04296763101305579
4.0,2011,2011-01-01,243,1.0565323570779261,1.034955121552,0.03435806495790131
2395.0,2011,2011-01-01,243,0.8982334165910795,0.9370756239990644,-0.06499129135687025
2392.0,2011,2011-01-01,241,0.9335058361103477,0.9590151061447412,-0.04184845224701311
13.0,2011,2011-01-01,243,1.1569391136152976,1.0970386885712908,0.09261444828405044
3.0,2011,2011-01-01,243,1.1044743219110855,1.064598626525175,0.06259785162340802
7.0,2011,2011-01-01,243,1.0298476785387147,1.0184554348216481,0.018287200029475002
25.0,2011,2011-01-01,81,0.9986401731284507,0.9995231775904957,-0.00047693612545905706
12.0,2011,2011-01-01,240,0.9625819358989826,0.9769734990147585,-0.023295752164191285
2504.0,2011,2011-01-01,3,0.9525073390437124,0.9990687713537983,-0.0009316625089686112
3289.0,2011,2011-01-01,162,0.8880570561312106,0.9418757791450517,-0.05988188237405988
3313.0,2011,2011-01-01,162,1.124827042830823,1.0648140414698504,0.06280017496697395
3312.0,2011,2011-01-01,81,0.9660758196568708,0.9881045081913703,-0.01196680930668694
2535.0,2011,2011-01-01,3,1.355491213254514,1.0069704159461668,0.006946234899873201
4169.0,2011,2011-01-01,0,,1.0,0.0
4589.0,2011,2011-01-01,0,,1.0,0.0
5010.0,2011,2011-01-01,0,,1.0,0.0
4705.0,2011,2011-01-01,0,,1.0,0.0
2735.0,2011,2011-01-01,0,,1.0,0.0
2701.0,2011,2011-01-01,0,,1.0,0.0
5365.0,2011,2011-01-01,0,,1.0,0.0
5381.0,2011,2011-01-01,0,,1.0,0.0
5325.0,2011,2011-01-01,0,,1.0,0.0
2756.0,2011,2011-01-01,0,,1.0,0.0
2536.0,2011,2011-01-01,0,,1.0,0.0
5340.0,2011,2011-01-01,0,,1.0,0.0
5150.0,2011,2011-01-01,0,,1.0,0.0
3949.0,2011,2011-01-01,0,,1.0,0.0
2523.0,2011,2011-01-01,0,,1.0,0.0
2529.0,2011,2011-01-01,0,,1.0,0.0
6130.0,2011,2011-01-01,0,,1.0,0.0
5355.0,2011,2011-01-01,0,,1.0,0.0
5445.0,2011,2011-01-01,0,,1.0,0.0
2397.0,2012,2012-01-01,0,,1.0,0.0
3309.0,2012,2012-01-01,241,0.9724643612282825,0.9830279055141077,-0.017117771125893445
8.0,2012,2012-01-01,82,1.1432385905171516,1.0506274328552,0.04938754080466526
2602.0,2012,2012-01-01,243,1.015588567915901,1.009638732833496,0.00959257660288156
5.0,2012,2012-01-01,243,0.9965317572593555,0.9978555140305939,-0.0021467886721073222
2680.0,2012,2012-01-01,243,0.8017804483546587,0.8774367657765446,-0.13075038803180347
2394.0,2012,2012-01-01,243,1.0504485874095817,1.03119340137539,0.03071677364582521
17.0,2012,2012-01-01,242,1.0249191450343749,1.0153837579038743,0.015266627641823162
20.0,2012,2012-01-01,237,1.0246198134724918,1.0150772501110608,0.014964718081450648
16.0,2012,2012-01-01,243,0.9035717052762067,0.940376397918876,-0.0614750605481564
22.0,2012,2012-01-01,243,0.8882332966989871,0.9308923437604425,-0.07161164344991978
2.0,2012,2012-01-01,243,1.088097408462757,1.054472443400636,0.05304058821082212
680.0,2012,2012-01-01,246,0.8177140279964045,0.886761744664433,-0.12017894079876736
2681.0,2012,2012-01-01,246,0.9751962916700524,0.9845916357344264,-0.015528306784079259
2889.0,2012,2012-01-01,243,0.9337837221707299,0.9590571106551841,-0.041804653572404614
9.0,2012,2012-01-01,0,,1.0,0.0
10.0,2012,2012-01-01,243,0.9407557260694662,0.963368044363563,-0.03731975498160231
19.0,2012,2012-01-01,243,1.1931422672037153,1.1194238446068774,0.11281412848720108
14.0,2012,2012-01-01,240,1.0819329950156247,1.0504203046249998,0.0491903741937631
32.0,2012,2012-01-01,243,1.0341805783125306,1.0211345560558396,0.020914318996581683
1.0,2012,2012-01-01,243,0.9588829362061801,0.974576472005348,-0.02575229004477447
31.0,2012,2012-01-01,243,0.9746861450433155,0.98434792174434,-0.015775865415734898
15.0,2012,2012-01-01,243,1.0941398118416616,1.0582085859478976,0.05657746518385511
4.0,2012,2012-01-01,243,1.023025372074553,1.0142370621224337,0.014136666919962619
2395.0,2012,2012-01-01,243,0.8171188569318782,0.8869208199349781,-0.1199995679232072
2392.0,2012,2012-01-01,244,0.9544901927661569,0.9718162615100058,-0.028588523758685758
13.0,2012,2012-01-01,243,1.1424790388728991,1.088097726325991,0.08443096639079796
3.0,2012,2012-01-01,243,1.1685078534281808,1.104191878837272,0.09911373604749121
7.0,2012,2012-01-01,243,1.0741534006652846,1.0458505759838783,0.04483050265042059
25.0,2012,2012-01-01,0,,1.0,0.0
12.0,2012,2012-01-01,243,0.9370373239901402,0.9610688797190942,-0.039709197534494305
2504.0,2012,2012-01-01,0,,1.0,0.0
3289.0,2012,2012-01-01,243,0.9314597208711513,0.9576201327523912,-0.0433041007818606
3313.0,2012,2012-01-01,243,1.1466622412121408,1.0906842865510182,0.08680528509258698
3312.0,2012,2012-01-01,162,0.9781721469926835,0.9886663070923549,-0.011398408648637509
2535.0,2012,2012-01-01,3,1.3930063789674854,1.0077060074307351,0.007676467813427272
4169.0,2012,2012-01-01,0,,1.0,0.0
4589.0,2012,2012-01-01,0,,1.0,0.0
5010.0,2012,2012-01-01,0,,1.0,0.0
4705.0,2012,2012-01-01,0,,1.0,0.0
2735.0,2012,2012-01-01,0,,1.0,0.0
2701.0,2012,2012-01-01,0,,1.0,0.0
5365.0,2012,2012-01-01,0,,1.0,0.0
5381.0,2012,2012-01-01,0,,1.0,0.0
5325.0,2012,2012-01-01,0,,1.0,0.0
2756.0,2012,2012-01-01,0,,1.0,0.0
2536.0,2012,2012-01-01,0,,1.0,0.0
5340.0,2012,2012-01-01,0,,1.0,0.0
5150.0,2012,2012-01-01,0,,1.0,0.0
3949.0,2012,2012-01-01,0,,1.0,0.0
2523.0,2012,2012-01-01,0,,1.0,0.0
2529.0,2012,2012-01-01,0,,1.0,0.0
6130.0,2012,2012-01-01,0,,1.0,0.0
5355.0,2012,2012-01-01,0,,1.0,0.0
5445.0,2012,2012-01-01,0,,1.0,0.0
2397.0,2013,2013-01-01,2,0.5195460377298718,0.9936782373385509,-0.00634182962009427
3309.0,2013,2013-01-01,242,0.9403353906019994,0.9631662360349078,-0.03752925899245401
8.0,2013,2013-01-01,0,,1.0,0.0
2602.0,2013,2013-01-01,243,1.025313533992742,1.015651879797039,0.015530652447439947
5.0,2013,2013-01-01,243,1.003933038612912,1.0024318788369913,0.0024289266049972997
2680.0,2013,2013-01-01,243,0.832889075574271,0.8966718711566104,-0.10906529080732885
2394.0,2013,2013-01-01,243,1.0609476929591257,1.0376852147304518,0.0369924774119999
17.0,2013,2013-01-01,243,1.025313533992742,1.015651879797039,0.015530652447439947
20.0,2013,2013-01-01,156,0.985805302359244,0.9927634874772617,-0.007262823087480018
16.0,2013,2013-01-01,243,0.9293388658432824,0.9563087643763808,-0.04467444278692574
22.0,2013,2013-01-01,243,0.8751749442143795,0.9228180952775934,-0.08032314377467145
2.0,2013,2013-01-01,243,1.0847037989367145,1.0523741046860602,0.05104866391971461
680.0,2013,2013-01-01,246,0.7743911131475054,0.8598490248340565,-0.1509984576642697
2681.0,2013,2013-01-01,246,0.9480424536714915,0.9677233424322902,-0.03280903582752626
2889.0,2013,2013-01-01,243,0.975900833559357,0.9850989886893735,-0.015013146728102418
9.0,2013,2013-01-01,0,,1.0,0.0
10.0,2013,2013-01-01,241,0.9049538637821373,0.9414165758861767,-0.06036954247287421
19.0,2013,2013-01-01,243,1.2985087527350156,1.1845741142865363,0.1693833127618814
14.0,2013,2013-01-01,240,1.1030732078838854,1.0634296663900833,0.061499219376308034
32.0,2013,2013-01-01,243,1.0856540431758182,1.0529616602842844,0.05160682250254423
1.0,2013,2013-01-01,243,0.8979808059528649,0.9369194296349777,-0.06515798802359363
31.0,2013,2013-01-01,243,0.9298139879628342,0.9566025421754929,-0.044367290227980076
15.0,2013,2013-01-01,243,1.0946813634473018,1.0585434384674155,0.05689384850929788
4.0,2013,2013-01-01,243,1.0675994026328504,1.041798103918022,0.040948166321559724
2395.0,2013,2013-01-01,243,0.8020061378034054,0.8775763142143194,-0.13059135965798696
2392.0,2013,2013-01-01,243,0.9625974142119069,0.9768732103142326,-0.023398409860043417
13.0,2013,2013-01-01,243,1.181153589205726,1.1120109979058306,0.10617008598256795
3.0,2013,2013-01-01,243,1.1992082297486937,1.123174554272093,0.11615909936050679
7.0,2013,2013-01-01,243,1.0590472044809185,1.036510103534003,0.035859400587628695
25.0,2013,2013-01-01,0,,1.0,0.0
12.0,2013,2013-01-01,243,0.8708988451384134,0.9201740950855839,-0.08319239305282783
2504.0,2013,2013-01-01,0,,1.0,0.0
3289.0,2013,2013-01-01,243,0.9241125225282129,0.9530772085861469,-0.048059362254759
3313.0,2013,2013-01-01,243,1.1312657666527892,1.081164328999053,0.07803854282915502
3312.0,2013,2013-01-01,243,1.0386169533401919,1.0238776581721796,0.023597045038445588
2535.0,2013,2013-01-01,3,1.423940992296686,1.0083125684764056,0.008278209356111382
4169.0,2013,2013-01-01,81,0.9521447275817678,0.9832195798013991,-0.016922806565907975
4589.0,2013,2013-01-01,0,,1.0,0.0
5010.0,2013,2013-01-01,0,,1.0,0.0
4705.0,2013,2013-01-01,0,,1.0,0.0
2735.0,2013,2013-01-01,0,,1.0,0.0
2701.0,2013,2013-01-01,0,,1.0,0.0
5365.0,2013,2013-01-01,0,,1.0,0.0
5381.0,2013,2013-01-01,0,,1.0,0.0
5325.0,2013,2013-01-01,0,,1.0,0.0
2756.0,2013,2013-01-01,0,,1.0,0.0
2536.0,2013,2013-01-01,0,,1.0,0.0
5340.0,2013,2013-01-01,0,,1.0,0.0
5150.0,2013,2013-01-01,0,,1.0,0.0
3949.0,2013,2013-01-01,0,,1.0,0.0
2523.0,2013,2013-01-01,0,,1.0,0.0
2529.0,2013,2013-01-01,0,,1.0,0.0
6130.0,2013,2013-01-01,0,,1.0,0.0
5355.0,2013,2013-01-01,0,,1.0,0.0
5445.0,2013,2013-01-01,0,,1.0,0.0
2397.0,2014,2014-01-01,2,0.528431056701031,0.9937951454829084,-0.006224184628716958
3309.0,2014,2014-01-01,242,0.936521523813581,0.9608117570481801,-0.039976771563317054
8.0,2014,2014-01-01,0,,1.0,0.0
2602.0,2014,2014-01-01,242,0.9947508413563944,0.996759447980223,-0.003245813979317677
5.0,2014,2014-01-01,243,1.0206185567010309,1.0127488785708665,0.012668295789130523
2680.0,2014,2014-01-01,243,0.8538981958762887,0.909662243251751,-0.09468190963044305
2394.0,2014,2014-01-01,243,1.0868234536082475,1.053684730857008,0.052293288540849484
17.0,2014,2014-01-01,243,1.0037048969072164,1.0022908141182025,0.002288194203935289
20.0,2014,2014-01-01,78,0.9574990087232355,0.9854601871947911,-0.014646551790093804
16.0,2014,2014-01-01,243,0.9056056701030928,0.9416340402927521,-0.06013857214666654
22.0,2014,2014-01-01,243,0.8485824742268042,0.9063754229951996,-0.09830168460153639
2.0,2014,2014-01-01,243,1.108569587628866,1.0671308137247186,0.06497356435946804
680.0,2014,2014-01-01,246,0.8558960114407845,0.9104808555920025,-0.09378240629362643
2681.0,2014,2014-01-01,243,0.9689110824742267,0.9807770815298655,-0.0194100811920212
2889.0,2014,2014-01-01,243,0.9848582474226804,0.9906375422995198,-0.009406561000280637
9.0,2014,2014-01-01,0,,1.0,0.0
10.0,2014,2014-01-01,241,0.9326113808444197,0.9584637922851795,-0.042423492603603265
19.0,2014,2014-01-01,243,1.3028350515463918,1.187249154009601,0.17163899588385953
14.0,2014,2014-01-01,243,1.127416237113402,1.0787840855434012,0.07583456017555412
32.0,2014,2014-01-01,243,1.0650773195876289,1.0402386479892973,0.039450156049724884
1.0,2014,2014-01-01,243,0.9529639175257733,0.9709166207602108,-0.02951468383175864
31.0,2014,2014-01-01,243,0.8683956185567011,0.9186262984968915,-0.0848758786118349
15.0,2014,2014-01-01,243,1.059278350515464,1.036653025891241,0.035997279132192674
4.0,2014,2014-01-01,243,1.0307667525773196,1.0190237172424648,0.018845028986867875
2395.0,2014,2014-01-01,244,0.8128597948707115,0.8841060658590194,-0.12317823953858281
2392.0,2014,2014-01-01,243,1.0438144329896908,1.0270913669630912,0.026730891899785746
13.0,2014,2014-01-01,244,1.1545592941946934,1.0957169233083888,0.09140887351244333
3.0,2014,2014-01-01,243,1.1844394329896908,1.1140427028409539,0.10799547366174676
7.0,2014,2014-01-01,243,1.0220682989690721,1.0136452840953805,0.013553025521875173
25.0,2014,2014-01-01,0,,1.0,0.0
12.0,2014,2014-01-01,243,0.8857925257731959,0.9293831647910601,-0.07323417655701632
2504.0,2014,2014-01-01,0,,1.0,0.0
3289.0,2014,2014-01-01,243,0.9346005154639176,0.959562150783033,-0.04127819149661458
3313.0,2014,2014-01-01,243,1.0776417525773196,1.0480074958684191,0.04689073841947254
3312.0,2014,2014-01-01,243,1.05444587628866,1.0336650074761942,0.0331107462985052
2535.0,2014,2014-01-01,0,,1.0,0.0
4169.0,2014,2014-01-01,162,0.9104381443298969,0.9534967287866772,-0.04761928469041434
4589.0,2014,2014-01-01,0,,1.0,0.0
5010.0,2014,2014-01-01,0,,1.0,0.0
4705.0,2014,2014-01-01,0,,1.0,0.0
2735.0,2014,2014-01-01,0,,1.0,0.0
2701.0,2014,2014-01-01,0,,1.0,0.0
5365.0,2014,2014-01-01,0,,1.0,0.0
5381.0,2014,2014-01-01,0,,1.0,0.0
5325.0,2014,2014-01-01,0,,1.0,0.0
2756.0,2014,2014-01-01,0,,1.0,0.0
2536.0,2014,2014-01-01,0,,1.0,0.0
5340.0,2014,2014-01-01,0,,1.0,0.0
5150.0,2014,2014-01-01,0,,1.0,0.0
3949.0,2014,2014-01-01,0,,1.0,0.0
2523.0,2014,2014-01-01,0,,1.0,0.0
2529.0,2014,2014-01-01,0,,1.0,0.0
6130.0,2014,2014-01-01,0,,1.0,0.0
5355.0,2014,2014-01-01,0,,1.0,0.0
5445.0,2014,2014-01-01,0,,1.0,0.0
2397.0,2015,2015-01-01,2,0.5375698392672816,0.9939153926219378,-0.00610319403489457
3309.0,2015,2015-01-01,243,0.9615789717483337,0.9762434863482062,-0.024043249965013447
8.0,2015,2015-01-01,0,,1.0,0.0
2602.0,2015,2015-01-01,242,0.9309979034509579,0.9574017669263567,-0.04353215647878769
5.0,2015,2015-01-01,244,1.0017011759024208,1.0010535201020068,0.0010529655391653251
2680.0,2015,2015-01-01,243,0.8494930793359512,0.906938468902382,-0.09768067140818532
2394.0,2015,2015-01-01,243,1.086446588734058,1.0534517075378527,0.05207211319039817
17.0,2015,2015-01-01,243,0.9994325406770768,0.99964912820491,-0.00035093336500078144
20.0,2015,2015-01-01,0,,1.0,0.0
16.0,2015,2015-01-01,243,0.901111582420601,0.9388552532524328,-0.06309396154710259
22.0,2015,2015-01-01,243,0.8750565284826349,0.9227448763900262,-0.08040248963144211
2.0,2015,2015-01-01,243,1.0510510437617266,1.0315659125549608,0.031077951201640402
680.0,2015,2015-01-01,243,0.8553923368313398,0.9105861013995306,-0.093666819321669
2681.0,2015,2015-01-01,243,0.9900920496427117,0.9938737100844247,-0.006145132626330142
2889.0,2015,2015-01-01,243,0.978785139443217,0.98688241446489,-0.013204380926467446
9.0,2015,2015-01-01,0,,1.0,0.0
10.0,2015,2015-01-01,241,0.9556797142529451,0.9726823814193345,-0.027697682338191663
19.0,2015,2015-01-01,243,1.3637116910173197,1.224890434903839,0.20285139910178962
14.0,2015,2015-01-01,243,1.104635966011506,1.064698574404061,0.06269173037261755
32.0,2015,2015-01-01,243,1.064324373126351,1.0397730856735452,0.039002502494706784
1.0,2015,2015-01-01,243,1.008773031711442,1.0054245463253955,0.005409886465473849
31.0,2015,2015-01-01,243,0.8843970195170001,0.9285202945105115,-0.07416304112020791
15.0,2015,2015-01-01,241,1.0701828335436248,1.0432584728491396,0.04234896204690171
4.0,2015,2015-01-01,243,1.0731732593694339,1.0452445344192682,0.04425086227102001
2395.0,2015,2015-01-01,244,0.8886058818489219,0.9310148100790276,-0.07148009412050321
2392.0,2015,2015-01-01,243,1.0328616664842787,1.0203190456887525,0.020115368278554105
13.0,2015,2015-01-01,244,1.0898273790609916,1.0556291383017309,0.054136928810709556
3.0,2015,2015-01-01,243,1.1203673193325423,1.0744255943964576,0.07178618798006192
7.0,2015,2015-01-01,242,0.9907278855917668,0.994275888554101,-0.005740556959149517
25.0,2015,2015-01-01,0,,1.0,0.0
12.0,2015,2015-01-01,243,0.9134017022026605,0.9464544876214924,-0.05503239441070165
2504.0,2015,2015-01-01,0,,1.0,0.0
3289.0,2015,2015-01-01,243,0.8902962770123887,0.9321679270076602,-0.07024230133409866
3313.0,2015,2015-01-01,243,1.0082814269201597,1.005120576950633,0.00510751137967312
3312.0,2015,2015-01-01,243,1.1198757145412597,1.074121625021695,0.07150323457411072
2535.0,2015,2015-01-01,0,,1.0,0.0
4169.0,2015,2015-01-01,243,0.943881199262168,0.9653005888567604,-0.03531573510313916
4589.0,2015,2015-01-01,2,0.9556797142529451,0.9994168383454336,-0.000583331759459727
5010.0,2015,2015-01-01,0,,1.0,0.0
4705.0,2015,2015-01-01,0,,1.0,0.0
2735.0,2015,2015-01-01,0,,1.0,0.0
2701.0,2015,2015-01-01,0,,1.0,0.0
5365.0,2015,2015-01-01,0,,1.0,0.0
5381.0,2015,2015-01-01,0,,1.0,0.0
5325.0,2015,2015-01-01,0,,1.0,0.0
2756.0,2015,2015-01-01,0,,1.0,0.0
2536.0,2015,2015-01-01,0,,1.0,0.0
5340.0,2015,2015-01-01,0,,1.0,0.0
5150.0,2015,2015-01-01,0,,1.0,0.0
3949.0,2015,2015-01-01,0,,1.0,0.0
2523.0,2015,2015-01-01,0,,1.0,0.0
2529.0,2015,2015-01-01,0,,1.0,0.0
6130.0,2015,2015-01-01,0,,1.0,0.0
5355.0,2015,2015-01-01,0,,1.0,0.0
5445.0,2015,2015-01-01,0,,1.0,0.0
2397.0,2016,2016-01-01,0,,1.0,0.0
3309.0,2016,2016-01-01,243,0.9668166757331487,0.979482066674695,-0.02073135041783213
8.0,2016,2016-01-01,0,,1.0,0.0
2602.0,2016,2016-01-01,242,0.9727981016380564,0.9832069913173715,-0.016935609977143953
5.0,2016,2016-01-01,243,1.0167647495178278,1.0103659901598783,0.010312631709215148
2680.0,2016,2016-01-01,243,0.8738440235398842,0.9219951595933634,-0.08121530533806215
2394.0,2016,2016-01-01,243,1.0879778448147965,1.054398514732813,0.052970476127796616
17.0,2016,2016-01-01,243,0.9747292418772562,0.9843745694050209,-0.015748794398054898
20.0,2016,2016-01-01,0,,1.0,0.0
16.0,2016,2016-01-01,243,0.8980762573562138,0.9369784492049871,-0.06509499678944433
22.0,2016,2016-01-01,243,0.8956035804361802,0.9354495421017602,-0.06672807154598107
2.0,2016,2016-01-01,240,1.0625216359230503,1.0384748528757233,0.03775314918838855
680.0,2016,2016-01-01,243,0.9242866327085703,0.9531848644991923,-0.04794641250385134
2681.0,2016,2016-01-01,243,1.025666386429949,1.015870055731495,0.0157454430745842
2889.0,2016,2016-01-01,243,0.917363137332476,0.9489039246101569,-0.05244772405338748
9.0,2016,2016-01-01,0,,1.0,0.0
10.0,2016,2016-01-01,243,0.9910489095494781,0.9944653562863186,-0.0055500166027483
19.0,2016,2016-01-01,243,1.333761930666139,1.206371880793567,0.1876174096391405
14.0,2016,2016-01-01,243,1.1057811186390385,1.0654066458760467,0.06335655339762543
32.0,2016,2016-01-01,243,1.029622669502003,1.0183163070966583,0.01815058410699057
1.0,2016,2016-01-01,243,0.9954997280055388,0.997217389072127,-0.0027864895865305564
31.0,2016,2016-01-01,243,0.9143959250284358,0.9470692360862847,-0.05438307750096968
15.0,2016,2016-01-01,241,1.0621019477512081,1.0382776711203099,0.037563254866626504
4.0,2016,2016-01-01,243,0.9964887987735521,0.9978289519134177,-0.0021734082280853006
2395.0,2016,2016-01-01,244,0.906708331948364,0.9422254644553321,-0.05951068648903697
2392.0,2016,2016-01-01,243,1.0301172048860094,1.0186220885173036,0.018450820406331482
13.0,2016,2016-01-01,244,1.081548884822709,1.0505023550678705,0.04926848315463689
3.0,2016,2016-01-01,243,1.114188220167153,1.0706049300270182,0.06822384388622944
7.0,2016,2016-01-01,242,0.9797502064991758,0.98749885197143,-0.01257994476811316
25.0,2016,2016-01-01,0,,1.0,0.0
12.0,2016,2016-01-01,246,0.9335320320217692,0.9587092926195838,-0.042167386008242456
2504.0,2016,2016-01-01,0,,1.0,0.0
3289.0,2016,2016-01-01,243,0.8802729835319717,0.9259703180617536,-0.07691309877868767
3313.0,2016,2016-01-01,243,1.0172592849018347,1.0106717715805238,0.01061523013539741
3312.0,2016,2016-01-01,243,1.0835270263587358,1.0516464819470046,0.05035701406354415
2535.0,2016,2016-01-01,0,,1.0,0.0
4169.0,2016,2016-01-01,243,0.930221057316651,0.9568542415469369,-0.0441042068126274
4589.0,2016,2016-01-01,2,0.9613767865090747,0.9994917998224878,-0.0005083293549895962
5010.0,2016,2016-01-01,0,,1.0,0.0
4705.0,2016,2016-01-01,0,,1.0,0.0
2735.0,2016,2016-01-01,0,,1.0,0.0
2701.0,2016,2016-01-01,0,,1.0,0.0
5365.0,2016,2016-01-01,0,,1.0,0.0
5381.0,2016,2016-01-01,0,,1.0,0.0
5325.0,2016,2016-01-01,0,,1.0,0.0
2756.0,2016,2016-01-01,0,,1.0,0.0
2536.0,2016,2016-01-01,0,,1.0,0.0
5340.0,2016,2016-01-01,0,,1.0,0.0
5150.0,2016,2016-01-01,0,,1.0,0.0
3949.0,2016,2016-01-01,0,,1.0,0.0
2523.0,2016,2016-01-01,0,,1.0,0.0
2529.0,2016,2016-01-01,0,,1.0,0.0
6130.0,2016,2016-01-01,0,,1.0,0.0
5355.0,2016,2016-01-01,0,,1.0,0.0
5445.0,2016,2016-01-01,0,,1.0,0.0
2397.0,2017,2017-01-01,0,,1.0,0.0
3309.0,2017,2017-01-01,243,0.9562931339972571,0.9729751439219682,-0.027396742937469746
8.0,2017,2017-01-01,0,,1.0,0.0
2602.0,2017,2017-01-01,243,1.0170867439284652,1.0105650859405013,0.010509665426615683
5.0,2017,2017-01-01,243,1.0498959937326093,1.0308517213155828,0.030385374435231326
2680.0,2017,2017-01-01,243,0.9176940165806171,0.9491085140689312,-0.05223214120956905
2394.0,2017,2017-01-01,242,1.0571413032724888,1.0352760086529138,0.03466806619283757
17.0,2017,2017-01-01,243,0.9191414834837411,0.9500035126884201,-0.05128959682762852
20.0,2017,2017-01-01,0,,1.0,0.0
16.0,2017,2017-01-01,242,0.9418344150145365,0.9640916541671374,-0.03656891195425243
22.0,2017,2017-01-01,243,0.8926045902598011,0.9335952046644571,-0.06871233441495181
2.0,2017,2017-01-01,240,1.0195414065516797,1.0120254809548797,0.011953749357462524
680.0,2017,2017-01-01,243,0.9157640607097851,0.9479151825762793,-0.05349025058602708
2681.0,2017,2017-01-01,243,0.9659429133514172,0.9789418013852274,-0.021283085220480388
2889.0,2017,2017-01-01,243,0.9263788179993611,0.9544785057858644,-0.046590154890354084
9.0,2017,2017-01-01,0,,1.0,0.0
10.0,2017,2017-01-01,243,0.9601530457389212,0.975361806907272,-0.024946792811473245
19.0,2017,2017-01-01,243,1.3804009366125898,1.235209739432212,0.21124078516031028
14.0,2017,2017-01-01,243,1.0735379531503013,1.045470032100568,0.04446657577470467
32.0,2017,2017-01-01,243,1.0016470969618092,1.0010184339992867,0.0010179157472217446
1.0,2017,2017-01-01,243,0.9543631781264251,0.9717818124293163,-0.028623972528835327
31.0,2017,2017-01-01,243,0.9741452258024532,0.9840134602289978,-0.0161157029289316
15.0,2017,2017-01-01,241,1.1447180890751572,1.0891996405808513,0.08544315183288428
4.0,2017,2017-01-01,243,0.9789701154795332,0.9869967889606275,-0.013088492886645155
2395.0,2017,2017-01-01,243,0.9147990827743692,0.9473185168299535,-0.05411989933723431
2392.0,2017,2017-01-01,243,0.9480908215462212,0.9679034850781977,-0.032622902174213264
13.0,2017,2017-01-01,243,1.1241992947596415,1.0767949837826791,0.07398902144899792
3.0,2017,2017-01-01,243,1.1439813424356693,1.0890266315823605,0.08528429873202363
7.0,2017,2017-01-01,242,1.003848203657469,1.0023756767477232,0.0023728592890834054
25.0,2017,2017-01-01,0,,1.0,0.0
12.0,2017,2017-01-01,246,0.914128305429019,0.9466554624634814,-0.05482007199093413
2504.0,2017,2017-01-01,0,,1.0,0.0
3289.0,2017,2017-01-01,243,0.8757174763900211,0.9231535541037535,-0.07995969417351935
3313.0,2017,2017-01-01,243,0.9997171410909772,0.9998251025066347,-0.00017491278971544784
3312.0,2017,2017-01-01,243,1.1126195595346493,1.0696349948267678,0.06731746394686937
2535.0,2017,2017-01-01,0,,1.0,0.0
4169.0,2017,2017-01-01,242,0.9190637269972097,0.9500342396258284,-0.05125725332563904
4589.0,2017,2017-01-01,2,0.9379585532243532,0.9991836651740046,-0.0008166682087164444
5010.0,2017,2017-01-01,1,0.820713734071309,0.9988126737355717,-0.001188031694696609
4705.0,2017,2017-01-01,0,,1.0,0.0
2735.0,2017,2017-01-01,0,,1.0,0.0
2701.0,2017,2017-01-01,0,,1.0,0.0
5365.0,2017,2017-01-01,0,,1.0,0.0
5381.0,2017,2017-01-01,0,,1.0,0.0
5325.0,2017,2017-01-01,0,,1.0,0.0
2756.0,2017,2017-01-01,0,,1.0,0.0
2536.0,2017,2017-01-01,0,,1.0,0.0
5340.0,2017,2017-01-01,0,,1.0,0.0
5150.0,2017,2017-01-01,0,,1.0,0.0
3949.0,2017,2017-01-01,0,,1.0,0.0
2523.0,2017,2017-01-01,0,,1.0,0.0
2529.0,2017,2017-01-01,0,,1.0,0.0
6130.0,2017,2017-01-01,0,,1.0,0.0
5355.0,2017,2017-01-01,0,,1.0,0.0
5445.0,2017,2017-01-01,0,,1.0,0.0
2397.0,2018,2018-01-01,0,,1.0,0.0
3309.0,2018,2018-01-01,243,0.972465295650824,0.9829747247917309,-0.01717187148320732
8.0,2018,2018-01-01,0,,1.0,0.0
2602.0,2018,2018-01-01,243,1.077696471449774,1.0480413296750513,0.04692302183407888
5.0,2018,2018-01-01,242,1.0223650434325358,1.0138069910986571,0.01371254296709256
2680.0,2018,2018-01-01,243,0.9424651797432286,0.9644250348030651,-0.03622317407067042
2394.0,2018,2018-01-01,242,1.078905630603329,1.0487121495051164,0.047562887092072945
17.0,2018,2018-01-01,243,0.9567729273299279,0.9732718100284287,-0.027091883260586487
20.0,2018,2018-01-01,0,,1.0,0.0
16.0,2018,2018-01-01,161,0.9592325641621035,0.9788953145662336,-0.021330573153591634
22.0,2018,2018-01-01,243,0.8676956600966061,0.91819349975439,-0.08534712652730594
2.0,2018,2018-01-01,240,1.0575213935019163,1.035397780616564,0.03478568197995147
680.0,2018,2018-01-01,243,0.9641575712456437,0.9778378875641003,-0.022411381823795554
2681.0,2018,2018-01-01,243,0.9853884225033266,0.9909653604791562,-0.009075699370872275
2889.0,2018,2018-01-01,243,0.9092342821225075,0.9438776858925427,-0.057758691260643834
9.0,2018,2018-01-01,0,,1.0,0.0
10.0,2018,2018-01-01,243,0.9936961469085069,0.9961021977067867,-0.0039054185220498473
19.0,2018,2018-01-01,243,1.3015434901449092,1.1864505549750965,0.17096612301656908
14.0,2018,2018-01-01,243,1.0264655042844957,1.0163641667713295,0.016231716796480736
32.0,2018,2018-01-01,246,1.0007261928313187,1.0004511197891526,0.0004510180652124657
1.0,2018,2018-01-01,243,0.921695868730278,0.9515829417339886,-0.04962842659253728
31.0,2018,2018-01-01,242,0.9463596639570435,0.9668853027489911,-0.0336754019918719
15.0,2018,2018-01-01,243,1.1284658983703202,1.0794331127327934,0.07643600771241507
4.0,2018,2018-01-01,243,0.9535421456168022,0.9712741511065723,-0.02914651160524093
2395.0,2018,2018-01-01,243,0.8921572930674148,0.9333186315913021,-0.06900862347747541
2392.0,2018,2018-01-01,240,0.92433818663137,0.9534388840808431,-0.047679952397768025
13.0,2018,2018-01-01,243,1.1506198301174677,1.0931313453398082,0.08904637154443248
3.0,2018,2018-01-01,243,1.1118504495599597,1.0691594382775322,0.06687276804743007
7.0,2018,2018-01-01,243,0.9946192273979715,0.9966729573987458,-0.003332589514116881
25.0,2018,2018-01-01,0,,1.0,0.0
12.0,2018,2018-01-01,246,0.9013374411059304,0.9387096225051991,-0.06324908880731724
2504.0,2018,2018-01-01,0,,1.0,0.0
3289.0,2018,2018-01-01,246,0.9095438517988523,0.9438075442992871,-0.057833006185787086
3313.0,2018,2018-01-01,243,1.01908086036878,1.011798089235658,0.011729034393640678
3312.0,2018,2018-01-01,243,1.0878503568338833,1.0543196862865996,0.05289571180299301
2535.0,2018,2018-01-01,0,,1.0,0.0
4169.0,2018,2018-01-01,239,0.9094351197185417,0.9443573100584357,-0.05725067803428539
4589.0,2018,2018-01-01,0,,1.0,0.0
5010.0,2018,2018-01-01,1,0.7850799562895356,0.9985766884522486,-0.0014243254177818939
4705.0,2018,2018-01-01,81,1.062004103128878,1.0217416984997365,0.021508718643078965
2735.0,2018,2018-01-01,1,1.009388515229403,1.0000621755975456,6.217366472327251e-05
2701.0,2018,2018-01-01,0,,1.0,0.0
5365.0,2018,2018-01-01,0,,1.0,0.0
5381.0,2018,2018-01-01,0,,1.0,0.0
5325.0,2018,2018-01-01,0,,1.0,0.0
2756.0,2018,2018-01-01,0,,1.0,0.0
2536.0,2018,2018-01-01,0,,1.0,0.0
5340.0,2018,2018-01-01,0,,1.0,0.0
5150.0,2018,2018-01-01,0,,1.0,0.0
3949.0,2018,2018-01-01,0,,1.0,0.0
2523.0,2018,2018-01-01,0,,1.0,0.0
2529.0,2018,2018-01-01,0,,1.0,0.0
6130.0,2018,2018-01-01,0,,1.0,0.0
5355.0,2018,2018-01-01,0,,1.0,0.0
5445.0,2018,2018-01-01,0,,1.0,0.0
2397.0,2019,2019-01-01,0,,1.0,0.0
3309.0,2019,2019-01-01,243,1.0050777086208114,1.0031396518953108,0.0031347334803505595
8.0,2019,2019-01-01,0,,1.0,0.0
2602.0,2019,2019-01-01,243,1.0928514632650723,1.0574119734692433,0.05582438825542712
5.0,2019,2019-01-01,243,1.0264526644150096,1.0163562276153875,0.016223905435937536
2680.0,2019,2019-01-01,240,0.9490309827763963,0.9686344509393208,-0.031867981878315126
2394.0,2019,2019-01-01,242,1.05444081428691,1.0336088700444699,0.0330564357087488
17.0,2019,2019-01-01,244,0.9851062531503862,0.9907764613418636,-0.009266338873742645
20.0,2019,2019-01-01,0,,1.0,0.0
16.0,2019,2019-01-01,80,1.0111945842683001,1.0038937684411477,0.0038862073458916374
22.0,2019,2019-01-01,244,0.8782165631533789,0.9245808157599604,-0.07841481633463784
2.0,2019,2019-01-01,243,1.0296361684694646,1.018324653786463,0.018158780632509804
680.0,2019,2019-01-01,243,0.9455007041731524,0.9663019621223309,-0.034278903427004834
2681.0,2019,2019-01-01,242,0.9640210302986865,0.9777884931945973,-0.022461896963087508
2889.0,2019,2019-01-01,243,0.9559607889235047,0.9727696481130067,-0.027607968798709828
9.0,2019,2019-01-01,0,,1.0,0.0
10.0,2019,2019-01-01,243,0.9736974543697543,0.9837365939232833,-0.01639710686736104
19.0,2019,2019-01-01,243,1.244750085291928,1.1513340222034059,0.14092128937994386
14.0,2019,2019-01-01,243,1.0169021522516444,1.0104509491021618,0.010396715468295901
32.0,2019,2019-01-01,246,0.9753002987456038,0.9846562461904509,-0.015462687359891288
1.0,2019,2019-01-01,243,0.9500485671080882,0.9691139995095813,-0.031373027458468275
31.0,2019,2019-01-01,241,0.9455516553346641,0.9664397670988595,-0.034136302918433364
15.0,2019,2019-01-01,243,1.08875838662363,1.0548811398207179,0.05342809690395634
4.0,2019,2019-01-01,243,0.9859766842940809,0.9913290948688592,-0.008708716158258278
2395.0,2019,2019-01-01,243,0.9013864337042751,0.9390251994660022,-0.06291296364195127
2392.0,2019,2019-01-01,240,0.9167980042250388,0.9487987718307931,-0.05255854518429347
13.0,2019,2019-01-01,243,1.188356584898724,1.1164647586015013,0.1101672276275039
3.0,2019,2019-01-01,243,1.0837557373952007,1.0517878986947424,0.05049147677771519
7.0,2019,2019-01-01,243,1.010989930436228,1.0067953004987364,0.006772316507637516
25.0,2019,2019-01-01,0,,1.0,0.0
12.0,2019,2019-01-01,243,0.902750792584756,0.9398688106821774,-0.06201497656199027
2504.0,2019,2019-01-01,0,,1.0,0.0
3289.0,2019,2019-01-01,246,0.8876984755049806,0.930236931753094,-0.07231595995610275
3313.0,2019,2019-01-01,243,1.0341840314044006,1.0211366911737134,0.020916409921454403
3312.0,2019,2019-01-01,241,1.1046721327357933,1.064516583092906,0.06252078352306378
2535.0,2019,2019-01-01,2,0.5525653465946995,0.9941127019288777,-0.005904696530630402
4169.0,2019,2019-01-01,239,0.883642156771942,0.9285102197133526,-0.07417389155813224
4589.0,2019,2019-01-01,0,,1.0,0.0
5010.0,2019,2019-01-01,1,0.7735914852325793,0.9985006058624674,-0.0015005193538249319
4705.0,2019,2019-01-01,162,1.0335018519641601,1.0173951923660063,0.01724562798353489
2735.0,2019,2019-01-01,2,1.049874158529929,1.0006562389280254,0.0006560236974166815
2701.0,2019,2019-01-01,3,0.6630784159136394,0.9933936944296792,-0.006628223792612607
5365.0,2019,2019-01-01,0,,1.0,0.0
5381.0,2019,2019-01-01,0,,1.0,0.0
5325.0,2019,2019-01-01,0,,1.0,0.0
2756.0,2019,2019-01-01,0,,1.0,0.0
2536.0,2019,2019-01-01,0,,1.0,0.0
5340.0,2019,2019-01-01,0,,1.0,0.0
5150.0,2019,2019-01-01,0,,1.0,0.0
3949.0,2019,2019-01-01,0,,1.0,0.0
2523.0,2019,2019-01-01,0,,1.0,0.0
2529.0,2019,2019-01-01,0,,1.0,0.0
6130.0,2019,2019-01-01,0,,1.0,0.0
5355.0,2019,2019-01-01,0,,1.0,0.0
5445.0,2019,2019-01-01,0,,1.0,0.0
2397.0,2020,2020-01-01,2,1.346429468520516,1.004558282480533,0.004547924973980301
3309.0,2020,2020-01-01,243,1.0527637819707738,1.0326249338903257,0.03210403987954077
8.0,2020,2020-01-01,0,,1.0,0.0
2602.0,2020,2020-01-01,241,1.0369182960888288,1.022755266898741,0.022500227556219027
5.0,2020,2020-01-01,243,0.9579042243531968,0.9739713142947247,-0.02637342721609197
2680.0,2020,2020-01-01,240,0.9012101242630653,0.9392062303157326,-0.06272019628919534
2394.0,2020,2020-01-01,242,1.046876730565373,1.0289392061143374,0.028528374556867457
17.0,2020,2020-01-01,244,1.0051868524003984,1.0032121624002468,0.0032070144277406166
20.0,2020,2020-01-01,0,,1.0,0.0
16.0,2020,2020-01-01,0,,1.0,0.0
22.0,2020,2020-01-01,244,0.9005626609120829,0.9384195158947926,-0.0635581848697901
2.0,2020,2020-01-01,243,1.0829060713072003,1.05126253264033,0.0499918538894447
680.0,2020,2020-01-01,243,0.9614503760398351,0.9761639729711957,-0.024124701586881545
2681.0,2020,2020-01-01,242,1.0108235778545758,1.0066819026551208,0.0066596776920026446
2889.0,2020,2020-01-01,243,0.9171234799568552,0.9487557395153075,-0.05260390073559459
9.0,2020,2020-01-01,0,,1.0,0.0
10.0,2020,2020-01-01,242,0.9801116329527856,0.9877219774861583,-0.012354020139990748
19.0,2020,2020-01-01,243,1.2393800144801193,1.1480135967396157,0.13803314167707628
14.0,2020,2020-01-01,243,1.0022311204361767,1.0013795477506129,0.0013785970488732955
32.0,2020,2020-01-01,246,0.9795000718960631,0.9872651961778574,-0.012816586502483355
1.0,2020,2020-01-01,241,0.9819437484944642,0.9888706991999128,-0.011191694834802101
31.0,2020,2020-01-01,240,0.9622482601693287,0.9767681601042023,-0.023505952842826396
15.0,2020,2020-01-01,243,1.001344582514517,1.0008313830814952,0.0008310376740118209
4.0,2020,2020-01-01,242,0.9996960615858113,0.9998123645504242,-0.00018765305530909446
2395.0,2020,2020-01-01,243,0.8639312046572792,0.9158658593682414,-0.08788536676937274
2392.0,2020,2020-01-01,240,0.9716732664489725,0.9825681639685985,-0.017585559560181284
13.0,2020,2020-01-01,243,1.211454069947842,1.130746409662406,0.12287795418829041
3.0,2020,2020-01-01,241,1.057924830535456,1.0357030285397568,0.035080450756105275
7.0,2020,2020-01-01,242,1.0117137791560769,1.0072314657034964,0.007205444029970429
25.0,2020,2020-01-01,0,,1.0,0.0
12.0,2020,2020-01-01,243,0.8891975354245778,0.9314885524380977,-0.07097137840076725
2504.0,2020,2020-01-01,0,,1.0,0.0
3289.0,2020,2020-01-01,246,0.9002468251311156,0.9380321186420566,-0.06397108893948174
3313.0,2020,2020-01-01,243,1.0314868718509433,1.0194689818314993,0.01928188568624982
3312.0,2020,2020-01-01,241,1.082506945313424,1.0508546645026475,0.04960379927160029
2535.0,2020,2020-01-01,2,0.5385717874082064,0.9939285761501079,-0.006089929887026493
4169.0,2020,2020-01-01,240,0.9191625171766722,0.9502538567241059,-0.051026112479493596
4589.0,2020,2020-01-01,0,,1.0,0.0
5010.0,2020,2020-01-01,0,,1.0,0.0
4705.0,2020,2020-01-01,243,1.0261676443209857,1.0161799938167928,0.016050492733936956
2735.0,2020,2020-01-01,3,0.9694292173347715,0.999400572888917,-0.0005996068393399613
2701.0,2020,2020-01-01,7,1.0617558094618926,1.0027534437339698,0.002749659951801234
5365.0,2020,2020-01-01,1,1.0771435748164129,1.0005108846014332,0.0005107541443256955
5381.0,2020,2020-01-01,2,2.692858937041032,1.0222744596979083,0.0220300072915073
5325.0,2020,2020-01-01,0,,1.0,0.0
2756.0,2020,2020-01-01,0,,1.0,0.0
2536.0,2020,2020-01-01,0,,1.0,0.0
5340.0,2020,2020-01-01,0,,1.0,0.0
5150.0,2020,2020-01-01,0,,1.0,0.0
3949.0,2020,2020-01-01,0,,1.0,0.0
2523.0,2020,2020-01-01,0,,1.0,0.0
2529.0,2020,2020-01-01,0,,1.0,0.0
6130.0,2020,2020-01-01,0,,1.0,0.0
5355.0,2020,2020-01-01,0,,1.0,0.0
5445.0,2020,2020-01-01,0,,1.0,0.0
2397.0,2021,2021-01-01,2,1.3468123725229693,1.0045633206910918,0.004552940310583927
3309.0,2021,2021-01-01,194,1.052457503476712,1.029583592076983,0.029154440961630536
8.0,2021,2021-01-01,0,,1.0,0.0
2602.0,2021,2021-01-01,189,1.006760063439392,1.0037688849263868,0.0037618004743362817
5.0,2021,2021-01-01,192,0.9652155336414614,0.9804718785355573,-0.019721314495886634
2680.0,2021,2021-01-01,191,0.9279607760420039,0.9596495842346707,-0.04118707757718303
2394.0,2021,2021-01-01,188,0.9891907042445297,0.9939877289880815,-0.00603041748417713
17.0,2021,2021-01-01,196,0.9389206254160127,0.9654001230680302,-0.035212628276956044
20.0,2021,2021-01-01,0,,1.0,0.0
16.0,2021,2021-01-01,0,,1.0,0.0
22.0,2021,2021-01-01,193,0.919461130588738,0.9546822105061996,-0.046376757747442064
2.0,2021,2021-01-01,196,1.0708532659896914,1.0401365321791316,0.03935198547816531
680.0,2021,2021-01-01,186,0.9517474099162316,0.9732887447750568,-0.027074483599849753
2681.0,2021,2021-01-01,193,1.0260895919988466,1.0146801494337534,0.014573439121253012
2889.0,2021,2021-01-01,189,0.9109867391710921,0.950373137767954,-0.050900594906239785
9.0,2021,2021-01-01,0,,1.0,0.0
10.0,2021,2021-01-01,193,0.9060627898879913,0.9471432024734178,-0.05430498025520677
19.0,2021,2021-01-01,192,1.2676871456372447,1.1502805028138918,0.14000582812295254
14.0,2021,2021-01-01,162,1.0262377732360206,1.0136234591802413,0.013531494173145638
32.0,2021,2021-01-01,191,0.9668843587452856,0.9814513563646614,-0.01872282699845877
1.0,2021,2021-01-01,191,1.048680293411602,1.0272666746088446,0.026901560928875475
31.0,2021,2021-01-01,192,0.9848565474074212,0.9914984125796049,-0.008537932052710832
15.0,2021,2021-01-01,192,0.9842953755855366,0.991183368749775,-0.008855727712557132
4.0,2021,2021-01-01,191,0.9962180732463094,0.9978816773901616,-0.0021205694287302866
2395.0,2021,2021-01-01,195,0.9045053759261952,0.9460247776974148,-0.055486518204116216
2392.0,2021,2021-01-01,190,0.9611987248111296,0.9783169344532784,-0.021921597586512583
13.0,2021,2021-01-01,162,1.2284259022468762,1.118605756935878,0.11208304994661991
3.0,2021,2021-01-01,191,1.125963348923915,1.070554251156797,0.0681765060977305
7.0,2021,2021-01-01,191,1.0272441174300846,1.0152599015517483,0.01514464035793627
25.0,2021,2021-01-01,0,,1.0,0.0
12.0,2021,2021-01-01,191,0.8828319845019673,0.9343721672723629,-0.0678804540894334
2504.0,2021,2021-01-01,0,,1.0,0.0
3289.0,2021,2021-01-01,191,0.8958065120697277,0.9416394246490264,-0.06013285406442885
3313.0,2021,2021-01-01,193,1.0445123104623733,1.025046285478828,0.024737768135554804
3312.0,2021,2021-01-01,191,1.0283723372185856,1.0158918369758059,0.015766883819574903
2535.0,2021,2021-01-01,2,0.5387249490091877,0.9939305914343315,-0.006087902294472178
4169.0,2021,2021-01-01,188,0.8992121755270378,0.9439404999972872,-0.057692144486979735
4589.0,2021,2021-01-01,0,,1.0,0.0
5010.0,2021,2021-01-01,0,,1.0,0.0
4705.0,2021,2021-01-01,192,1.053319509677339,1.029933759818857,0.029494489318033962
2735.0,2021,2021-01-01,2,0.9697049082165379,0.9996013803712703,-0.00039869909865342205
2701.0,2021,2021-01-01,7,1.0620577566181129,1.0027669063460305,0.0027630855069798333
5365.0,2021,2021-01-01,1,1.0774498980183753,1.00051291323191,0.0005127817368799778
5381.0,2021,2021-01-01,2,2.6936247450459385,1.0222845361190256,0.022039864107708716
5325.0,2021,2021-01-01,30,0.9625219088964154,0.9937536514827359,-0.006265938572310071
2756.0,2021,2021-01-01,26,1.222491230443926,1.0328680226792164,0.032339420774198234
2536.0,2021,2021-01-01,0,,1.0,0.0
5340.0,2021,2021-01-01,0,,1.0,0.0
5150.0,2021,2021-01-01,0,,1.0,0.0
3949.0,2021,2021-01-01,0,,1.0,0.0
2523.0,2021,2021-01-01,0,,1.0,0.0
2529.0,2021,2021-01-01,0,,1.0,0.0
6130.0,2021,2021-01-01,0,,1.0,0.0
5355.0,2021,2021-01-01,0,,1.0,0.0
5445.0,2021,2021-01-01,0,,1.0,0.0
2397.0,2022,2022-01-01,2,1.336838780401702,1.0044320892158118,0.004422296432733882
3309.0,2022,2022-01-01,194,1.0308818636499721,1.017415934732833,0.017266015494249068
8.0,2022,2022-01-01,0,,1.0,0.0
2602.0,2022,2022-01-01,189,1.0321244171228379,1.0179100732631752,0.017751577549771778
5.0,2022,2022-01-01,191,0.9188491889588243,0.9545460266602211,-0.04651941627674556
2680.0,2022,2022-01-01,195,0.9071308072961702,0.9475087171674006,-0.053919141891200915
2394.0,2022,2022-01-01,188,0.9739012732117931,0.98548354841366,-0.014622846172883168
17.0,2022,2022-01-01,195,0.9712990687554519,0.9837777345139511,-0.01635528700350621
20.0,2022,2022-01-01,0,,1.0,0.0
16.0,2022,2022-01-01,0,,1.0,0.0
22.0,2022,2022-01-01,192,0.9263178715866793,0.9586345945749779,-0.04224530426290986
2.0,2022,2022-01-01,196,1.1278554118735993,1.072426765107588,0.06992408520658809
680.0,2022,2022-01-01,186,0.9636738907325818,0.9798909037983935,-0.020314036169046586
2681.0,2022,2022-01-01,194,1.0231640315156942,1.0130634363780369,0.012978845594141792
2889.0,2022,2022-01-01,189,0.8612353963053503,0.9226356634268766,-0.08052085325446799
9.0,2022,2022-01-01,0,,1.0,0.0
10.0,2022,2022-01-01,193,0.8943659239661541,0.9405615840392647,-0.061278152279235894
19.0,2022,2022-01-01,192,1.2660977282721118,1.1493881983282033,0.139229799358439
14.0,2022,2022-01-01,117,1.0137122786088804,1.0060087513005207,0.0059907707455958475
32.0,2022,2022-01-01,191,0.9541249347872252,0.974304582241525,-0.026031311450410738
1.0,2022,2022-01-01,192,1.0794973151743743,1.0446300716768417,0.0436628243491846
31.0,2022,2022-01-01,193,1.0179369283307467,1.010092790576776,0.010042198491401474
15.0,2022,2022-01-01,192,1.0460763456643318,1.025867422127344,0.025538520199717252
4.0,2022,2022-01-01,190,0.9782845475108033,0.9878648941972136,-0.012209337348914297
2395.0,2022,2022-01-01,195,0.9170028475206751,0.9530885659899468,-0.048047445763600045
2392.0,2022,2022-01-01,190,1.0064285218350497,1.003592409260763,0.003585971970927932
13.0,2022,2022-01-01,81,1.23583318366024,1.0826947527120323,0.0794530748392106
3.0,2022,2022-01-01,191,1.163539679863764,1.0916014042638678,0.0876457962783605
7.0,2022,2022-01-01,191,1.0397946032276275,1.02228964579612,0.022044862387682645
25.0,2022,2022-01-01,0,,1.0,0.0
12.0,2022,2022-01-01,191,0.8790939833426898,0.9322784481479582,-0.07012374481040319
2504.0,2022,2022-01-01,0,,1.0,0.0
3289.0,2022,2022-01-01,191,0.8908525652854901,0.9388646333417261,-0.06308397061143604
3313.0,2022,2022-01-01,193,0.9680652225333776,0.9820308686558072,-0.01813253664534184
3312.0,2022,2022-01-01,193,1.0245864891037293,1.0138343801662384,0.013739558659286532
2535.0,2022,2022-01-01,0,,1.0,0.0
4169.0,2022,2022-01-01,188,0.913032443636056,0.9516275130283388,-0.04958158858337563
4589.0,2022,2022-01-01,0,,1.0,0.0
5010.0,2022,2022-01-01,0,,1.0,0.0
4705.0,2022,2022-01-01,190,1.0548361576727534,1.0306437351700681,0.0301835926213874
2735.0,2022,2022-01-01,2,0.5882090633767488,0.9945816982023257,-0.005433034034762089
2701.0,2022,2022-01-01,4,1.363575556009736,1.0094435209353179,0.00939920964279666
5365.0,2022,2022-01-01,1,1.0694710243213617,1.0004600730087507,0.000459967207613625
5381.0,2022,2022-01-01,2,2.673677560803404,1.0220220731684657,0.02178308956047636
5325.0,2022,2022-01-01,111,0.9403637114753595,0.9746374405125092,-0.02568973302443972
2756.0,2022,2022-01-01,49,1.163322563190379,1.0402151034991387,0.03942752205447958
2536.0,2022,2022-01-01,21,1.1916962842438028,1.0235416489422215,0.02326881795588652
5340.0,2022,2022-01-01,0,,1.0,0.0
5150.0,2022,2022-01-01,0,,1.0,0.0
3949.0,2022,2022-01-01,0,,1.0,0.0
2523.0,2022,2022-01-01,0,,1.0,0.0
2529.0,2022,2022-01-01,0,,1.0,0.0
6130.0,2022,2022-01-01,0,,1.0,0.0
5355.0,2022,2022-01-01,0,,1.0,0.0
5445.0,2022,2022-01-01,0,,1.0,0.0
2397.0,2023,2023-01-01,0,,1.0,0.0
3309.0,2023,2023-01-01,194,1.0206650956254015,1.011654152765488,0.011586766177544523
8.0,2023,2023-01-01,0,,1.0,0.0
2602.0,2023,2023-01-01,190,1.1291962244239904,1.0721978901192886,0.06971064460418656
5.0,2023,2023-01-01,191,0.9336158681992347,0.9628170991966388,-0.03789181336736129
2680.0,2023,2023-01-01,195,0.9092722290119254,0.9487190859632623,-0.05264253476810725
2394.0,2023,2023-01-01,190,0.931424048777628,0.9616781449051449,-0.03907545300269712
17.0,2023,2023-01-01,195,0.9808139526143864,0.9891557123472619,-0.010903515518633505
20.0,2023,2023-01-01,0,,1.0,0.0
16.0,2023,2023-01-01,0,,1.0,0.0
22.0,2023,2023-01-01,192,0.967426923941295,0.9817133608091481,-0.01845590650651002
2.0,2023,2023-01-01,195,1.0650485626624455,1.0367665788961649,0.0361068112353668
680.0,2023,2023-01-01,186,0.9000410388696723,0.9446655750885687,-0.0569243029169766
2681.0,2023,2023-01-01,194,1.0357431027198678,1.0201574474641115,0.019956975642793653
2889.0,2023,2023-01-01,189,0.9018268345817153,0.94526628830662,-0.056288604614920676
9.0,2023,2023-01-01,0,,1.0,0.0
10.0,2023,2023-01-01,193,0.9087849608794166,0.9486749196785055,-0.052689089447455276
19.0,2023,2023-01-01,192,1.2662686751284908,1.1494841684931878,0.13931329261054412
14.0,2023,2023-01-01,117,0.9942761049051723,0.9974917763067608,-0.0025113745561022092
32.0,2023,2023-01-01,191,0.9601223124067839,0.977663817213184,-0.022589413222030428
1.0,2023,2023-01-01,194,1.050241186464547,1.028333692366634,0.02793971783015356
31.0,2023,2023-01-01,194,1.0061670118807227,1.0034779078629656,0.0034718739276807403
15.0,2023,2023-01-01,192,1.0676268052217077,1.0379659257385025,0.037262957363364636
4.0,2023,2023-01-01,191,1.0207926180373967,1.011646305117721,0.011579008903792478
2395.0,2023,2023-01-01,195,0.9940837884438753,0.9966560543378427,-0.0033495491437656394
2392.0,2023,2023-01-01,190,0.9462273553379844,0.9699505809241677,-0.03051015628343454
13.0,2023,2023-01-01,0,,1.0,0.0
3.0,2023,2023-01-01,193,1.1891733933252149,1.1064445041159372,0.10115172481462321
7.0,2023,2023-01-01,192,1.0506338428992985,1.028426017066273,0.028029494676012137
25.0,2023,2023-01-01,0,,1.0,0.0
12.0,2023,2023-01-01,191,0.8906165253736548,0.9387324233031322,-0.06322479959105602
2504.0,2023,2023-01-01,0,,1.0,0.0
3289.0,2023,2023-01-01,191,0.8912055574671559,0.9390623503701665,-0.06287340115811241
3313.0,2023,2023-01-01,193,0.9764046244214386,0.9867233017881564,-0.013365621518514814
3312.0,2023,2023-01-01,193,0.9746558400194898,0.9857392919060102,-0.01436336917357693
2535.0,2023,2023-01-01,0,,1.0,0.0
4169.0,2023,2023-01-01,188,0.9018363334950772,0.9454000908197472,-0.05614706455811549
4589.0,2023,2023-01-01,0,,1.0,0.0
5010.0,2023,2023-01-01,0,,1.0,0.0
4705.0,2023,2023-01-01,190,1.036823591487366,1.0205778893605868,0.02036902505933209
2735.0,2023,2023-01-01,2,0.6187782142228997,0.9949839238713539,-0.005028698867280745
2701.0,2023,2023-01-01,0,,1.0,0.0
5365.0,2023,2023-01-01,0,,1.0,0.0
5381.0,2023,2023-01-01,0,,1.0,0.0
5325.0,2023,2023-01-01,192,1.004342669676184,1.002437989993647,0.0024350229175319517
2756.0,2023,2023-01-01,49,1.2237802900957533,1.0551016794708137,0.0536371409292276
2536.0,2023,2023-01-01,21,1.2536285898541863,1.0311473706838474,0.03067213437750069
5340.0,2023,2023-01-01,0,,1.0,0.0
5150.0,2023,2023-01-01,0,,1.0,0.0
3949.0,2023,2023-01-01,0,,1.0,0.0
2523.0,2023,2023-01-01,0,,1.0,0.0
2529.0,2023,2023-01-01,0,,1.0,0.0
6130.0,2023,2023-01-01,0,,1.0,0.0
5355.0,2023,2023-01-01,0,,1.0,0.0
5445.0,2023,2023-01-01,0,,1.0,0.0
2397.0,2024,2024-01-01,0,,1.0,0.0
3309.0,2024,2024-01-01,242,1.0430871825538393,1.0265997402500742,0.026252118124429374
8.0,2024,2024-01-01,0,,1.0,0.0
2602.0,2024,2024-01-01,242,1.1270880087595023,1.0784573931627541,0.0755316804225276
5.0,2024,2024-01-01,242,0.9166244002442145,0.9485283287221936,-0.05284362318729276
2680.0,2024,2024-01-01,242,0.8898549061786735,0.9320022635082628,-0.07042003564256076
2394.0,2024,2024-01-01,244,0.9416120356742452,0.963840956102832,-0.03682898127864987
17.0,2024,2024-01-01,243,1.036496424471859,1.0225664914673327,0.022315635150479296
20.0,2024,2024-01-01,0,,1.0,0.0
16.0,2024,2024-01-01,0,,1.0,0.0
22.0,2024,2024-01-01,243,0.9749041757449283,0.9844827346209098,-0.01563891826251515
2.0,2024,2024-01-01,242,1.0306255215233286,1.0189065719608303,0.018730064032095803
680.0,2024,2024-01-01,243,0.8990629739543043,0.9375885564144935,-0.06444406542319293
2681.0,2024,2024-01-01,243,1.0158124603471435,1.00977717013831,0.009729682886760226
2889.0,2024,2024-01-01,241,0.9649198002545745,0.9783776773947633,-0.021859510287721394
9.0,2024,2024-01-01,0,,1.0,0.0
10.0,2024,2024-01-01,242,0.9364707492928052,0.9607804115532114,-0.04000939606656359
19.0,2024,2024-01-01,243,1.2658586044325943,1.1643858546491614,0.15219378462691316
14.0,2024,2024-01-01,198,0.9623684399117672,0.9785889399497987,-0.021643602102079783
32.0,2024,2024-01-01,243,0.9560587862090763,0.9728302418544669,-0.02754568082080418
1.0,2024,2024-01-01,244,1.0226355312086846,1.0140179431850735,0.013920600461219292
31.0,2024,2024-01-01,243,1.0121353111694162,1.0075035130131504,0.007475501694309691
15.0,2024,2024-01-01,243,1.0360367808246431,1.0222822843266877,0.022037661399227478
4.0,2024,2024-01-01,242,1.0075483714668279,1.0046599640177867,0.004649139998796712
2395.0,2024,2024-01-01,243,0.9284801673761222,0.9557778134157703,-0.04522980568777332
2392.0,2024,2024-01-01,243,0.9749041757449283,0.9844827346209098,-0.01563891826251515
13.0,2024,2024-01-01,0,,1.0,0.0
3.0,2024,2024-01-01,243,1.1477301870981074,1.0913446195034098,0.08741053186151593
7.0,2024,2024-01-01,243,1.079243283662938,1.0489977555473127,0.04783518980015778
25.0,2024,2024-01-01,0,,1.0,0.0
12.0,2024,2024-01-01,243,0.9307783856122017,0.9571988491189949,-0.04374412528985046
2504.0,2024,2024-01-01,0,,1.0,0.0
3289.0,2024,2024-01-01,243,0.8825158026545319,0.9273570993512753,-0.07541656715096492
3313.0,2024,2024-01-01,243,0.9404309022037356,0.9631671990725389,-0.03752825912647698
3312.0,2024,2024-01-01,243,0.9914513470447006,0.9947141916841279,-0.005299827624723513
2535.0,2024,2024-01-01,0,,1.0,0.0
4169.0,2024,2024-01-01,243,0.9169890761957246,0.9486726348996465,-0.05269149784000675
4589.0,2024,2024-01-01,0,,1.0,0.0
5010.0,2024,2024-01-01,0,,1.0,0.0
4705.0,2024,2024-01-01,241,1.053903758779492,1.0332245674318608,0.03268455995904427
2735.0,2024,2024-01-01,3,0.6701604376407851,0.9935325576007997,-0.006488446917447028
2701.0,2024,2024-01-01,0,,1.0,0.0
5365.0,2024,2024-01-01,0,,1.0,0.0
5381.0,2024,2024-01-01,2,1.228627469008106,1.0030082561711593,0.0030037404226491687
5325.0,2024,2024-01-01,243,1.0626961123631655,1.0387662984840949,0.038033757542496285
2756.0,2024,2024-01-01,23,1.155783943177586,1.020711160075633,0.02049960011461126
2536.0,2024,2024-01-01,21,1.2445836699043151,1.0300365910408809,0.0295943268929451
5340.0,2024,2024-01-01,2,2.066328016059088,1.0140306317902512,0.013933113578838271
5150.0,2024,2024-01-01,0,,1.0,0.0
3949.0,2024,2024-01-01,0,,1.0,0.0
2523.0,2024,2024-01-01,0,,1.0,0.0
2529.0,2024,2024-01-01,0,,1.0,0.0
6130.0,2024,2024-01-01,0,,1.0,0.0
5355.0,2024,2024-01-01,0,,1.0,0.0
5445.0,2024,2024-01-01,0,,1.0,0.0
2397.0,2025,2025-01-01,0,,1.0,0.0
3309.0,2025,2025-01-01,242,1.03380718283563,1.0208707608322,0.02065595020299893
8.0,2025,2025-01-01,0,,1.0,0.0
2602.0,2025,2025-01-01,242,1.0841685611605052,1.0519612035735773,0.05065623490313993
5.0,2025,2025-01-01,242,0.9237582450146068,0.952932385952895,-0.048211326477757166
2680.0,2025,2025-01-01,240,0.9093570669226324,0.9442197334908506,-0.057396371394583645
2394.0,2025,2025-01-01,243,0.9431762753175107,0.964864719852812,-0.03576737415124619
17.0,2025,2025-01-01,243,0.953392857324889,0.9711818430787481,-0.029241554198916192
20.0,2025,2025-01-01,0,,1.0,0.0
16.0,2025,2025-01-01,0,,1.0,0.0
22.0,2025,2025-01-01,242,1.003963403087556,1.002446794763236,0.002443806234813799
2.0,2025,2025-01-01,242,0.9741196233394818,0.9840228286942719,-0.016106182306444197
680.0,2025,2025-01-01,243,0.8581928886197734,0.9123177402916156,-0.09176695014223767
2681.0,2025,2025-01-01,242,1.0286777831914298,1.0177041416640968,0.017549248839085103
2889.0,2025,2025-01-01,240,1.0029258654322517,1.0018005325736934,0.0017989135580212476
9.0,2025,2025-01-01,0,,1.0,0.0
10.0,2025,2025-01-01,242,0.960130351582572,0.9753865945994449,-0.024921379291046895
19.0,2025,2025-01-01,241,1.2797107178721312,1.1724048158751499,0.15905703755270575
14.0,2025,2025-01-01,243,0.9821850429820459,0.9889846448972955,-0.011076473367419369
32.0,2025,2025-01-01,243,0.9631450492410227,0.977211824339869,-0.02305183944675983
1.0,2025,2025-01-01,243,1.0081908880917358,1.005064594926951,0.00505181300473759
31.0,2025,2025-01-01,243,1.0249089313765365,1.0154017056603013,0.015284303321258071
15.0,2025,2025-01-01,243,1.0736698909572056,1.0455516119659056,0.04454460448914711
4.0,2025,2025-01-01,243,0.9840426033470236,0.9901332127565565,-0.009915786565706762
2395.0,2025,2025-01-01,243,0.9292445725801767,0.9562504609083535,-0.0447354118458438
2392.0,2025,2025-01-01,243,0.9673245600622228,0.9797961020232064,-0.02041078812482257
13.0,2025,2025-01-01,0,,1.0,0.0
3.0,2025,2025-01-01,243,1.108963537891785,1.0673744012918671,0.06520180232908482
7.0,2025,2025-01-01,243,1.062060138676094,1.0383730628455239,0.03765512561188074
25.0,2025,2025-01-01,0,,1.0,0.0
12.0,2025,2025-01-01,243,0.9269226221239544,0.9548147510842773,-0.04623793523978003
2504.0,2025,2025-01-01,0,,1.0,0.0
3289.0,2025,2025-01-01,242,0.9512704794698624,0.9699169796727211,-0.03054479911383448
3313.0,2025,2025-01-01,243,0.9803274826170678,0.9878360770380342,-0.012238508928622919
3312.0,2025,2025-01-01,243,0.9970455259018687,0.9981731877713844,-0.0018284828850353224
2535.0,2025,2025-01-01,0,,1.0,0.0
4169.0,2025,2025-01-01,243,1.0165499097341364,1.0102331502936264,0.010181146088159733
4589.0,2025,2025-01-01,0,,1.0,0.0
5010.0,2025,2025-01-01,0,,1.0,0.0
4705.0,2025,2025-01-01,243,1.0030825970880468,1.0019060333139833,0.001904219137374556
2735.0,2025,2025-01-01,3,0.7523119478160352,0.9951433715258046,-0.004868460218064098
2701.0,2025,2025-01-01,0,,1.0,0.0
5365.0,2025,2025-01-01,0,,1.0,0.0
5381.0,2025,2025-01-01,4,1.1848913178102551,1.0048023718911754,0.004790877289496114
5325.0,2025,2025-01-01,243,1.047199655756271,1.029184519971435,0.028766760476188005
2756.0,2025,2025-01-01,0,,1.0,0.0
2536.0,2025,2025-01-01,0,,1.0,0.0
5340.0,2025,2025-01-01,4,1.7773369767153828,1.0201905708237762,0.01998944398581227
5150.0,2025,2025-01-01,2,1.8619720708446867,1.0113417377742722,0.011277902481715476
3949.0,2025,2025-01-01,1,1.241314713896458,1.001598110688056,0.0015968350680442137
2523.0,2025,2025-01-01,0,,1.0,0.0
2529.0,2025,2025-01-01,0,,1.0,0.0
6130.0,2025,2025-01-01,0,,1.0,0.0
5355.0,2025,2025-01-01,0,,1.0,0.0
5445.0,2025,2025-01-01,0,,1.0,0.0
2397.0,2026,2026-01-01,2,0.7802994387435196,0.9971092031413622,-0.0028949832818894764
3309.0,2026,2026-01-01,242,1.0506865524049398,1.031291187964274,0.030811597713323934
8.0,2026,2026-01-01,0,,1.0,0.0
2602.0,2026,2026-01-01,242,1.0313402853286542,1.0193478292079958,0.019163039674200057
5.0,2026,2026-01-01,242,0.9120383050248929,0.9456971168776125,-0.05583293363020886
2680.0,2026,2026-01-01,240,0.9154584486687364,0.9479744299499917,-0.05342774971747411
2394.0,2026,2026-01-01,242,0.9861989954839878,0.9914799921100128,-0.008556510640908335
17.0,2026,2026-01-01,241,0.9653141248712064,0.9786207265830198,-0.021611120519991315
20.0,2026,2026-01-01,0,,1.0,0.0
16.0,2026,2026-01-01,0,,1.0,0.0
22.0,2026,2026-01-01,242,1.0377890410207495,1.0233289487934218,0.02306098835512856
2.0,2026,2026-01-01,243,0.9963611880957817,0.9977500476012084,-0.0022524873447422305
680.0,2026,2026-01-01,243,0.8660819167241416,0.9171956889668357,-0.08643442822003589
2681.0,2026,2026-01-01,242,1.030879659922076,1.0190634635233222,0.018884032500787785
2889.0,2026,2026-01-01,240,0.9967396402045196,0.9979936247412429,-0.0020083907259034438
9.0,2026,2026-01-01,0,,1.0,0.0
10.0,2026,2026-01-01,162,0.971589777342019,0.9852485382352791,-0.014861346556661372
19.0,2026,2026-01-01,241,1.2719759671278474,1.1676373608128165,0.15498235744137737
14.0,2026,2026-01-01,243,0.9949849986094614,0.9968991212776059,-0.0031056964087715125
32.0,2026,2026-01-01,243,0.9527818543623103,0.9708040473537949,-0.029630636047121704
1.0,2026,2026-01-01,243,1.040399251658026,1.0249796899564894,0.024672797717462457
31.0,2026,2026-01-01,243,0.9601215316226847,0.9753423210796753,-0.024966771061703797
15.0,2026,2026-01-01,243,1.0968230205971519,1.0598676692241933,0.05814405997623547
4.0,2026,2026-01-01,243,0.9449834472731629,0.9659821315200472,-0.0346099423319534
2395.0,2026,2026-01-01,243,0.9128723592590264,0.9461271839693216,-0.055378275024835194
2392.0,2026,2026-01-01,243,0.9761770756297528,0.985269794855038,-0.01483977190860792
13.0,2026,2026-01-01,0,,1.0,0.0
3.0,2026,2026-01-01,243,1.0610420939528282,1.0377435848105274,0.03704872610634575
7.0,2026,2026-01-01,243,0.9917738898080477,0.9949136265225333,-0.005099353106576541
25.0,2026,2026-01-01,0,,1.0,0.0
12.0,2026,2026-01-01,162,0.9502588403040568,0.974172859388645,-0.026166517381222602
2504.0,2026,2026-01-01,0,,1.0,0.0
3289.0,2026,2026-01-01,241,0.9847406669146136,0.9905946310138667,-0.009449878776195908
3313.0,2026,2026-01-01,243,0.9908564301505011,0.9943463423067984,-0.005669700109986761
3312.0,2026,2026-01-01,243,1.0348944937127456,1.0215759846620793,0.02134651788556967
2535.0,2026,2026-01-01,0,,1.0,0.0
4169.0,2026,2026-01-01,243,1.0275548164523716,1.0170377109361992,0.01689419694552325
4589.0,2026,2026-01-01,0,,1.0,0.0
5010.0,2026,2026-01-01,0,,1.0,0.0
4705.0,2026,2026-01-01,243,1.0119580022740766,1.0073938792687038,0.007366678540361739
2735.0,2026,2026-01-01,3,0.8174565548741632,0.9964207167622385,-0.003585704198212381
2701.0,2026,2026-01-01,0,,1.0,0.0
5365.0,2026,2026-01-01,0,,1.0,0.0
5381.0,2026,2026-01-01,4,1.1704491581152794,1.0044272508601373,0.004417479414859073
5325.0,2026,2026-01-01,243,0.9605802614514578,0.9756259631875427,-0.02467600046112243
2756.0,2026,2026-01-01,0,,1.0,0.0
2536.0,2026,2026-01-01,0,,1.0,0.0
5340.0,2026,2026-01-01,4,1.755673737172919,1.0196278892772186,0.019437746301105868
5150.0,2026,2026-01-01,2,1.8392772484668676,1.0110431216903535,0.010982591641455442
3949.0,2026,2026-01-01,1,1.226184832311245,1.0014979127967631,0.0014967920444430274
2523.0,2026,2026-01-01,81,0.9770945352872996,0.99196821367217,-0.008064214879824987
2529.0,2026,2026-01-01,81,1.118842052378274,1.041671888496278,0.04082700746411709
6130.0,2026,2026-01-01,1,0.6688280903515882,0.9978068085453747,-0.002195600021279844
5355.0,2026,2026-01-01,0,,1.0,0.0
5445.0,2026,2026-01-01,0,,1.0,0.0
